{"stats":{"minecraft:picked_up":{"minecraft:iron_chestplate":9,"minecraft:lead":10,"minecraft:stone_slab":2,"minecraft:oak_stairs":1,"minecraft:enchanted_book":1,"minecraft:brewing_stand":9,"minecraft:golden_sword":2,"minecraft:amethyst_block":71,"minecraft:polished_deepslate":10,"minecraft:string":61,"minecraft:soul_soil":119,"minecraft:shroomlight":8,"minecraft:diamond_leggings":7,"minecraft:gold_nugget":114,"minecraft:cobbled_deepslate":1680,"minecraft:spruce_planks":5,"minecraft:warped_slab":20,"minecraft:melon_slice":112,"minecraft:golden_helmet":2,"minecraft:composter":1,"minecraft:purpur_pillar":9,"minecraft:warped_planks":57,"minecraft:deepslate_tile_stairs":8,"minecraft:rabbit_foot":1,"minecraft:golden_chestplate":2,"minecraft:cauldron":3,"minecraft:chiseled_nether_bricks":1,"minecraft:stone_sword":4,"minecraft:carved_pumpkin":1,"minecraft:glowstone":12,"minecraft:end_rod":10,"minecraft:blaze_rod":17,"minecraft:snowball":4,"minecraft:birch_log":158,"minecraft:magma_block":16,"minecraft:feather":52,"minecraft:cooked_beef":49,"minecraft:iron_door":20,"minecraft:water_bucket":11,"minecraft:copper_block":6,"minecraft:smoker":3,"minecraft:flint":53,"minecraft:lantern":11,"minecraft:twisting_vines":11,"minecraft:stonecutter":9,"minecraft:diamond_helmet":4,"minecraft:rabbit":1,"minecraft:glowstone_dust":372,"minecraft:warped_wart_block":11,"minecraft:stripped_crimson_stem":1,"minecraft:birch_fence_gate":2,"minecraft:ink_sac":1,"minecraft:crimson_door":4,"minecraft:loom":2,"minecraft:barrel":5,"minecraft:quartz_bricks":5,"minecraft:dispenser":1,"minecraft:deepslate":84,"minecraft:lever":1,"minecraft:granite":80,"minecraft:golden_horse_armor":1,"minecraft:bread":4,"minecraft:crimson_roots":22,"minecraft:diamond_pickaxe":10,"minecraft:crafting_table":31,"minecraft:nether_wart":250,"minecraft:crimson_trapdoor":1,"minecraft:purpur_block":6,"minecraft:cornflower":25,"minecraft:flint_and_steel":1,"minecraft:iron_shovel":8,"minecraft:cracked_stone_bricks":4,"minecraft:cartography_table":2,"minecraft:beef":22,"minecraft:iron_nugget":1,"minecraft:poppy":19,"minecraft:minecart":31,"minecraft:chest":18,"minecraft:birch_sapling":14,"minecraft:piston":1,"minecraft:diamond_hoe":1,"minecraft:egg":187,"minecraft:copper_ore":1,"minecraft:stone":822,"minecraft:oak_door":3,"minecraft:spruce_fence":32,"minecraft:fire_charge":7,"minecraft:cake":1,"minecraft:carrot":238,"minecraft:redstone":357,"minecraft:diamond_chestplate":4,"minecraft:stone_shovel":1,"minecraft:peony":2,"minecraft:purpur_slab":7,"minecraft:deepslate_bricks":40,"minecraft:shears":3,"minecraft:diamond_boots":7,"minecraft:hay_block":19,"minecraft:gold_ingot":7,"minecraft:polished_blackstone":1,"minecraft:mutton":78,"minecraft:white_wool":87,"minecraft:bone_block":70,"minecraft:rail":86,"minecraft:crimson_slab":4,"minecraft:oxeye_daisy":1,"minecraft:stripped_oak_log":4,"minecraft:birch_leaves":8,"minecraft:clock":1,"minecraft:purpur_stairs":2,"minecraft:oak_log":2035,"minecraft:lily_pad":2,"minecraft:golden_boots":7,"minecraft:paper":1,"minecraft:white_banner":2,"minecraft:stone_bricks":6,"minecraft:apple":17,"minecraft:kelp":34,"minecraft:warped_stem":74,"minecraft:stone_pickaxe":19,"minecraft:glass_bottle":6,"minecraft:iron_sword":15,"minecraft:smooth_basalt":83,"minecraft:spyglass":7,"minecraft:gravel":211,"minecraft:crimson_stairs":1,"minecraft:spruce_log":6,"minecraft:dragon_egg":1,"minecraft:diamond_shovel":4,"minecraft:coal_ore":2,"minecraft:purple_bed":7,"minecraft:polished_diorite":32,"minecraft:stone_axe":4,"minecraft:diamond_axe":4,"minecraft:gray_wool":5,"minecraft:warped_roots":8,"minecraft:baked_potato":65,"minecraft:warped_nylium":21,"minecraft:hopper":1,"minecraft:ender_pearl":36,"minecraft:shulker_shell":22,"minecraft:chiseled_deepslate":1,"minecraft:wheat":288,"minecraft:ender_chest":12,"minecraft:nether_brick_fence":16,"minecraft:potion":8,"minecraft:gilded_blackstone":3,"minecraft:stone_brick_stairs":21,"minecraft:crimson_planks":24,"minecraft:warped_stairs":4,"minecraft:raw_copper":201,"minecraft:smooth_stone_slab":175,"minecraft:iron_leggings":7,"minecraft:oak_sign":2,"minecraft:deepslate_tiles":11,"minecraft:smooth_stone":304,"minecraft:bucket":2,"minecraft:red_dye":6,"minecraft:white_tulip":1,"minecraft:rose_bush":9,"minecraft:redstone_torch":15,"minecraft:ender_eye":18,"minecraft:calcite":150,"minecraft:iron_pickaxe":39,"minecraft:iron_boots":9,"minecraft:furnace":14,"minecraft:stick":353,"minecraft:oak_fence":41,"minecraft:torch":366,"minecraft:porkchop":121,"minecraft:pointed_dripstone":37,"minecraft:diorite":74,"minecraft:quartz_block":4,"minecraft:rotten_flesh":141,"minecraft:obsidian":47,"minecraft:cobblestone":3337,"minecraft:enchanting_table":1,"minecraft:lilac":1,"minecraft:magma_cream":4,"minecraft:andesite":44,"minecraft:golden_leggings":1,"minecraft:chiseled_quartz_block":2,"minecraft:potato":129,"minecraft:tuff":338,"minecraft:lapis_lazuli":345,"minecraft:dirt":3475,"minecraft:leather_boots":1,"minecraft:bone":367,"minecraft:bow":22,"minecraft:wheat_seeds":820,"minecraft:raw_gold":64,"minecraft:deepslate_brick_slab":27,"minecraft:cobbled_deepslate_slab":68,"minecraft:grindstone":2,"minecraft:mossy_stone_bricks":4,"minecraft:fletching_table":4,"minecraft:powered_rail":13,"minecraft:oak_planks":440,"minecraft:cooked_porkchop":24,"minecraft:music_disc_13":2,"minecraft:poisonous_potato":3,"minecraft:sand":709,"minecraft:grass_block":2,"minecraft:mossy_cobblestone":23,"minecraft:sugar":1,"minecraft:diamond":60,"minecraft:spruce_boat":33,"minecraft:soul_lantern":5,"minecraft:cracked_polished_blackstone_bricks":76,"minecraft:crossbow":4,"minecraft:grass":1,"minecraft:bone_meal":321,"minecraft:golden_apple":2,"minecraft:emerald":15,"minecraft:oak_sapling":373,"minecraft:chorus_fruit":112,"minecraft:netherrack":4869,"minecraft:oak_leaves":4,"minecraft:splash_potion":16,"minecraft:allium":34,"minecraft:chicken":47,"minecraft:ladder":6,"minecraft:brown_mushroom":49,"minecraft:wooden_pickaxe":1,"minecraft:gold_block":15,"minecraft:shield":24,"minecraft:dragon_breath":4,"minecraft:oak_trapdoor":1,"minecraft:iron_axe":18,"minecraft:quartz_slab":17,"minecraft:blackstone":136,"minecraft:oak_boat":17,"minecraft:light_gray_wool":18,"minecraft:lectern":222,"minecraft:sugar_cane":141,"minecraft:phantom_membrane":2,"minecraft:raw_iron":682,"minecraft:end_stone":1048,"minecraft:polished_blackstone_bricks":64,"minecraft:quartz_pillar":16,"minecraft:weeping_vines":12,"minecraft:arrow":368,"minecraft:pumpkin_pie":5,"minecraft:nether_bricks":205,"minecraft:pink_tulip":4,"minecraft:nether_brick_wall":9,"minecraft:golden_carrot":123,"minecraft:basalt":511,"minecraft:glow_ink_sac":21,"minecraft:crimson_stem":296,"minecraft:salmon":2,"minecraft:leather":34,"minecraft:birch_planks":152,"minecraft:crimson_fungus":4,"minecraft:nether_wart_block":48,"minecraft:gunpowder":24,"minecraft:wooden_hoe":3,"minecraft:deepslate_tile_slab":3,"minecraft:cooked_mutton":47,"minecraft:iron_ingot":191,"minecraft:soul_sand":307,"minecraft:book":130,"minecraft:sculk_catalyst":1,"minecraft:oak_slab":137,"minecraft:warped_fungus":4,"minecraft:birch_boat":24,"minecraft:pumpkin":62,"minecraft:chiseled_stone_bricks":212,"minecraft:quartz":1021,"minecraft:dandelion":112,"minecraft:dripstone_block":16,"minecraft:amethyst_shard":14,"minecraft:blast_furnace":3,"minecraft:white_bed":22,"minecraft:nether_brick_slab":1,"minecraft:spider_eye":19,"minecraft:pumpkin_seeds":8,"minecraft:chainmail_leggings":1,"minecraft:iron_helmet":11,"minecraft:black_wool":1,"minecraft:coal":1741},"minecraft:broken":{"minecraft:golden_sword":1,"minecraft:iron_sword":1,"minecraft:stone_hoe":1,"minecraft:wooden_pickaxe":1,"minecraft:shield":7,"minecraft:iron_axe":17,"minecraft:iron_pickaxe":26,"minecraft:golden_helmet":1,"minecraft:iron_shovel":7,"minecraft:golden_shovel":8,"minecraft:stone_pickaxe":9,"minecraft:stone_axe":4},"minecraft:used":{"minecraft:nether_brick_fence":6,"minecraft:chiseled_deepslate":11,"minecraft:dispenser":5,"minecraft:polished_blackstone":2,"minecraft:ladder":69,"minecraft:chest":80,"minecraft:quartz_stairs":25,"minecraft:stone":185,"minecraft:rotten_flesh":14,"minecraft:soul_sand":22,"minecraft:deepslate_brick_slab":76,"minecraft:spruce_boat":31,"minecraft:lava_bucket":4,"minecraft:quartz_pillar":48,"minecraft:birch_sapling":2,"minecraft:quartz_block":3,"minecraft:stone_brick_stairs":176,"minecraft:bow":141,"minecraft:furnace":13,"minecraft:oak_sapling":197,"minecraft:egg":142,"minecraft:potato":41,"minecraft:mossy_stone_bricks":3,"minecraft:diorite":4,"minecraft:chorus_fruit":1,"minecraft:powered_rail":29,"minecraft:blackstone":17,"minecraft:wooden_pickaxe":77,"minecraft:composter":2,"minecraft:purpur_pillar":1,"minecraft:oak_leaves":2,"minecraft:golden_apple":2,"minecraft:sand":2,"minecraft:blast_furnace":3,"minecraft:chiseled_quartz_block":23,"minecraft:pumpkin_seeds":1,"minecraft:crimson_fence_gate":1,"minecraft:deepslate_tiles":23,"minecraft:stone_button":2,"minecraft:lectern":221,"minecraft:soul_lantern":14,"minecraft:nether_wart_block":44,"minecraft:wooden_sword":22,"minecraft:oak_boat":18,"minecraft:oak_trapdoor":1,"minecraft:enchanting_table":2,"minecraft:netherrack":2150,"minecraft:torch":1316,"minecraft:brewing_stand":11,"minecraft:anvil":1,"minecraft:twisting_vines":6,"minecraft:nether_brick_slab":34,"minecraft:golden_shovel":260,"minecraft:oak_fence_gate":3,"minecraft:polished_diorite":32,"minecraft:shroomlight":5,"minecraft:iron_axe":3901,"minecraft:barrel":33,"minecraft:smooth_basalt":25,"minecraft:basalt":163,"minecraft:glowstone":47,"minecraft:warped_stairs":12,"minecraft:cobbled_deepslate":181,"minecraft:observer":1,"minecraft:calcite":76,"minecraft:wheat_seeds":305,"minecraft:water_bucket":103,"minecraft:warped_stem":10,"minecraft:nether_brick_wall":19,"minecraft:birch_planks":54,"minecraft:cartography_table":1,"minecraft:cauldron":5,"minecraft:fletching_table":4,"minecraft:deepslate_bricks":139,"minecraft:polished_blackstone_bricks":53,"minecraft:gilded_blackstone":1,"minecraft:rail":180,"minecraft:crimson_trapdoor":1,"minecraft:oak_slab":512,"minecraft:crafting_table":42,"minecraft:birch_sign":4,"minecraft:white_bed":24,"minecraft:cake":1,"minecraft:oak_log":203,"minecraft:diamond_pickaxe":8443,"minecraft:ender_eye":24,"minecraft:diamond_shovel":2857,"minecraft:iron_pickaxe":7827,"minecraft:suspicious_stew":7,"minecraft:oak_button":6,"minecraft:purpur_slab":1,"minecraft:spruce_trapdoor":4,"minecraft:chiseled_stone_bricks":149,"minecraft:cobblestone":1149,"minecraft:potion":9,"minecraft:purple_bed":7,"minecraft:crimson_stairs":25,"minecraft:cooked_porkchop":60,"minecraft:porkchop":4,"minecraft:glass_pane":192,"minecraft:jukebox":1,"minecraft:iron_shovel":2046,"minecraft:polished_deepslate":81,"minecraft:oak_sign":12,"minecraft:diamond_hoe":9,"minecraft:bone_block":7,"minecraft:shield":496,"minecraft:iron_sword":351,"minecraft:nether_wart":74,"minecraft:grass":1,"minecraft:iron_chestplate":1,"minecraft:birch_pressure_plate":2,"minecraft:carrot":105,"minecraft:nether_bricks":15,"minecraft:deepslate_tile_slab":127,"minecraft:tuff":2,"minecraft:music_disc_13":1,"minecraft:obsidian":32,"minecraft:milk_bucket":1,"minecraft:glass":42,"minecraft:coal_ore":2,"minecraft:quartz_slab":95,"minecraft:lantern":18,"minecraft:warped_nylium":9,"minecraft:iron_helmet":1,"minecraft:crimson_roots":1,"minecraft:stone_bricks":2,"minecraft:item_frame":14,"minecraft:golden_sword":32,"minecraft:birch_button":1,"minecraft:birch_trapdoor":12,"minecraft:warped_fungus":1,"minecraft:stone_pickaxe":1370,"minecraft:birch_leaves":6,"minecraft:oak_planks":711,"minecraft:ender_pearl":17,"minecraft:sugar_cane":4,"minecraft:diamond_axe":607,"minecraft:loom":2,"minecraft:crossbow":6,"minecraft:note_block":1,"minecraft:end_stone":737,"minecraft:shears":9,"minecraft:redstone_torch":30,"minecraft:lever":3,"minecraft:birch_fence_gate":2,"minecraft:melon_slice":60,"minecraft:bread":3,"minecraft:string":2,"minecraft:warped_slab":174,"minecraft:deepslate":1,"minecraft:gravel":34,"minecraft:grindstone":3,"minecraft:cooked_rabbit":1,"minecraft:andesite":2,"minecraft:crimson_door":5,"minecraft:smooth_stone_slab":267,"minecraft:bone_meal":380,"minecraft:experience_bottle":11,"minecraft:purpur_block":6,"minecraft:oak_fence":56,"minecraft:rose_bush":1,"minecraft:white_tulip":1,"minecraft:flint_and_steel":16,"minecraft:redstone":1,"minecraft:spruce_planks":3,"minecraft:ender_chest":9,"minecraft:stone_hoe":170,"minecraft:cooked_chicken":8,"minecraft:dirt":1812,"minecraft:spyglass":88,"minecraft:white_carpet":1,"minecraft:hopper":6,"minecraft:warped_door":1,"minecraft:spruce_fence":82,"minecraft:granite":10,"minecraft:birch_door":2,"minecraft:wooden_axe":12,"minecraft:stone_brick_slab":12,"minecraft:bookshelf":20,"minecraft:oak_stairs":14,"minecraft:crimson_slab":42,"minecraft:crimson_planks":245,"minecraft:golden_carrot":27,"minecraft:soul_soil":74,"minecraft:deepslate_tile_stairs":8,"minecraft:cooked_beef":216,"minecraft:quartz_bricks":59,"minecraft:cooked_mutton":76,"minecraft:pink_tulip":1,"minecraft:amethyst_block":10,"minecraft:glass_bottle":67,"minecraft:baked_potato":76,"minecraft:copper_block":6,"minecraft:birch_boat":25,"minecraft:brown_mushroom":2,"minecraft:stonecutter":11,"minecraft:chiseled_nether_bricks":72,"minecraft:smoker":5,"minecraft:warped_planks":137,"minecraft:piston":1,"minecraft:apple":7,"minecraft:cracked_polished_blackstone_bricks":49,"minecraft:netherite_axe":2,"minecraft:stone_slab":9,"minecraft:stone_axe":439,"minecraft:cobbled_deepslate_slab":167,"minecraft:white_banner":2,"minecraft:bucket":114,"minecraft:pumpkin_pie":5,"minecraft:smooth_stone":290,"minecraft:splash_potion":25},"minecraft:dropped":{"minecraft:iron_sword":5,"minecraft:piston":1,"minecraft:lapis_lazuli":121,"minecraft:cooked_beef":9,"minecraft:glass_bottle":8,"minecraft:cooked_porkchop":13,"minecraft:crossbow":1,"minecraft:weeping_vines":3,"minecraft:cracked_stone_bricks":2,"minecraft:rail":8,"minecraft:emerald":2,"minecraft:dirt":562,"minecraft:gold_nugget":4,"minecraft:wooden_sword":1,"minecraft:bone_block":1,"minecraft:sugar":1,"minecraft:iron_pickaxe":16,"minecraft:white_wool":1,"minecraft:bone":51,"minecraft:oak_door":3,"minecraft:stone_axe":3,"minecraft:lever":1,"minecraft:iron_nugget":1,"minecraft:golden_chestplate":1,"minecraft:cobbled_deepslate":476,"minecraft:birch_sapling":1,"minecraft:deepslate_brick_slab":4,"minecraft:rotten_flesh":20,"minecraft:oak_planks":29,"minecraft:end_stone":5,"minecraft:salmon":2,"minecraft:stone_brick_stairs":2,"minecraft:lectern":1,"minecraft:crimson_planks":4,"minecraft:egg":21,"minecraft:golden_boots":1,"minecraft:iron_ingot":27,"minecraft:wheat_seeds":66,"minecraft:dripstone_block":12,"minecraft:iron_helmet":5,"minecraft:cobblestone":372,"minecraft:apple":4,"minecraft:granite":15,"minecraft:chainmail_helmet":1,"minecraft:diamond_helmet":1,"minecraft:potion":10,"minecraft:pumpkin":7,"minecraft:iron_shovel":2,"minecraft:paper":1,"minecraft:string":8,"minecraft:lily_pad":2,"minecraft:pink_tulip":1,"minecraft:furnace":1,"minecraft:stone_sword":1,"minecraft:bowl":7,"minecraft:deepslate":82,"minecraft:diamond_hoe":1,"minecraft:iron_boots":8,"minecraft:stone_slab":1,"minecraft:cobbled_deepslate_slab":153,"minecraft:spruce_fence":9,"minecraft:shears":2,"minecraft:pumpkin_seeds":8,"minecraft:cobblestone_slab":6,"minecraft:stone":54,"minecraft:diamond_pickaxe":4,"minecraft:redstone_torch":1,"minecraft:spider_eye":4,"minecraft:bow":21,"minecraft:bell":8,"minecraft:soul_sand":2,"minecraft:warped_fungus":1,"minecraft:oak_log":215,"minecraft:baked_potato":6,"minecraft:ender_pearl":11,"minecraft:music_disc_13":1,"minecraft:cornflower":2,"minecraft:crimson_roots":2,"minecraft:snowball":4,"minecraft:gilded_blackstone":1,"minecraft:birch_log":5,"minecraft:gold_ingot":13,"minecraft:gravel":65,"minecraft:blackstone":1,"minecraft:spyglass":2,"minecraft:pointed_dripstone":21,"minecraft:cooked_mutton":9,"minecraft:carrot":122,"minecraft:chainmail_chestplate":9,"minecraft:chiseled_stone_bricks":16,"minecraft:poppy":33,"minecraft:gunpowder":1,"minecraft:arrow":74,"minecraft:powered_rail":1,"minecraft:oak_leaves":2,"minecraft:splash_potion":9,"minecraft:netherrack":209,"minecraft:bread":2,"minecraft:golden_helmet":1,"minecraft:diamond_leggings":5,"minecraft:netherite_axe":1,"minecraft:grass_block":1,"minecraft:stick":6,"minecraft:diorite":48,"minecraft:torch":28,"minecraft:nether_wart_block":2,"minecraft:iron_door":11,"minecraft:iron_leggings":3,"minecraft:iron_axe":10,"minecraft:bucket":1,"minecraft:dandelion":23,"minecraft:redstone":8,"minecraft:kelp":34,"minecraft:raw_copper":38,"minecraft:tuff":56,"minecraft:raw_iron":17,"minecraft:stripped_oak_log":1,"minecraft:ender_eye":5,"minecraft:shield":6,"minecraft:diamond_chestplate":1,"minecraft:iron_chestplate":5,"minecraft:andesite":27,"minecraft:purple_bed":2,"minecraft:golden_leggings":1,"minecraft:diamond_boots":4,"minecraft:stone_pickaxe":5,"minecraft:raw_gold":1},"minecraft:killed_by":{"minecraft:piglin_brute":3,"minecraft:magma_cube":1,"minecraft:zombie":1,"minecraft:ender_dragon":1,"minecraft:shulker":1,"minecraft:warden":18,"minecraft:creeper":1,"minecraft:blaze":1,"minecraft:player":1,"minecraft:enderman":1,"minecraft:iron_golem":2,"minecraft:skeleton":5},"minecraft:crafted":{"minecraft:ender_chest":2,"minecraft:smooth_stone":278,"minecraft:chainmail_helmet":4,"minecraft:oak_sign":12,"minecraft:purple_bed":2,"minecraft:oak_pressure_plate":4,"minecraft:blaze_powder":14,"minecraft:birch_boat":2,"minecraft:lever":3,"minecraft:diamond_shovel":3,"minecraft:nether_brick":204,"minecraft:bookshelf":20,"minecraft:shulker_box":4,"minecraft:cooked_mutton":97,"minecraft:magenta_shulker_box":1,"minecraft:quartz_block":172,"minecraft:glass":131,"minecraft:diamond_helmet":4,"minecraft:diamond_leggings":5,"minecraft:melon_seeds":1,"minecraft:birch_fence_gate":2,"minecraft:polished_blackstone":4,"minecraft:birch_door":3,"minecraft:magenta_dye":1,"minecraft:cooked_rabbit":2,"minecraft:warped_stairs":8,"minecraft:glass_bottle":126,"minecraft:deepslate":1,"minecraft:emerald":490,"minecraft:cooked_porkchop":60,"minecraft:diamond_axe":5,"minecraft:copper_ingot":130,"minecraft:stone_brick_stairs":1,"minecraft:iron_pickaxe":37,"minecraft:iron_block":3,"minecraft:gold_ingot":171,"minecraft:light_gray_dye":1,"minecraft:composter":2,"minecraft:golden_carrot":48,"minecraft:smooth_stone_slab":70,"minecraft:jukebox":1,"minecraft:iron_nugget":153,"minecraft:spyglass":2,"minecraft:crimson_trapdoor":2,"minecraft:experience_bottle":11,"minecraft:diamond_hoe":4,"minecraft:crimson_fence_gate":1,"minecraft:soul_torch":20,"minecraft:blue_shulker_box":1,"minecraft:bone_meal":507,"minecraft:spruce_fence":60,"minecraft:lantern":12,"minecraft:ladder":63,"minecraft:red_shulker_box":1,"minecraft:ender_pearl":21,"minecraft:stone_pickaxe":19,"minecraft:diamond_boots":5,"minecraft:spruce_boat":1,"minecraft:redstone_block":60,"minecraft:chainmail_leggings":2,"minecraft:wheat":81,"minecraft:crossbow":3,"minecraft:enchanting_table":1,"minecraft:crimson_slab":48,"minecraft:glowstone":40,"minecraft:enchanted_book":1,"minecraft:oak_fence_gate":3,"minecraft:crimson_stairs":24,"minecraft:soul_lantern":9,"minecraft:golden_apple":13,"minecraft:chainmail_boots":2,"minecraft:fermented_spider_eye":5,"minecraft:wooden_axe":1,"minecraft:oak_stairs":16,"minecraft:birch_trapdoor":12,"minecraft:iron_shovel":12,"minecraft:iron_leggings":5,"minecraft:white_bed":6,"minecraft:note_block":1,"minecraft:brick":10,"minecraft:grindstone":1,"minecraft:oak_planks":4404,"minecraft:barrel":30,"minecraft:cooked_chicken":8,"minecraft:stone":333,"minecraft:suspicious_stew":7,"minecraft:warped_planks":216,"minecraft:hopper":5,"minecraft:bow":8,"minecraft:iron_boots":8,"minecraft:chest":72,"minecraft:oak_button":6,"minecraft:copper_block":7,"minecraft:rail":80,"minecraft:birch_button":1,"minecraft:stone_hoe":2,"minecraft:ender_eye":13,"minecraft:oak_fence":48,"minecraft:golden_sword":1,"minecraft:golden_boots":1,"minecraft:smoker":2,"minecraft:oak_slab":570,"minecraft:item_frame":14,"minecraft:arrow":20,"minecraft:cauldron":2,"minecraft:crafting_table":17,"minecraft:spruce_planks":548,"minecraft:iron_helmet":5,"minecraft:wooden_pickaxe":2,"minecraft:baked_potato":68,"minecraft:birch_pressure_plate":2,"minecraft:chainmail_chestplate":13,"minecraft:birch_planks":500,"minecraft:brewing_stand":2,"minecraft:pumpkin_seeds":4,"minecraft:warped_door":3,"minecraft:dispenser":4,"minecraft:spruce_trapdoor":4,"minecraft:yellow_dye":2,"minecraft:book":50,"minecraft:iron_chestplate":6,"minecraft:paper":153,"minecraft:diamond_pickaxe":7,"minecraft:purple_dye":6,"minecraft:shield":15,"minecraft:stick":6268,"minecraft:warped_slab":162,"minecraft:iron_ingot":687,"minecraft:redstone_torch":16,"minecraft:deepslate_bricks":2,"minecraft:shears":4,"minecraft:wooden_sword":1,"minecraft:cobbled_deepslate_slab":252,"minecraft:purple_wool":6,"minecraft:cookie":36,"minecraft:redstone":77,"minecraft:raw_iron":18,"minecraft:furnace":10,"minecraft:stone_button":2,"minecraft:piston":1,"minecraft:oak_trapdoor":16,"minecraft:glass_pane":192,"minecraft:yellow_shulker_box":1,"minecraft:polished_deepslate":6,"minecraft:iron_axe":29,"minecraft:birch_sign":6,"minecraft:minecart":4,"minecraft:observer":1,"minecraft:glistering_melon_slice":6,"minecraft:cooked_beef":23,"minecraft:sugar":11,"minecraft:red_dye":5,"minecraft:crimson_planks":332,"minecraft:powered_rail":12,"minecraft:purple_shulker_box":1,"minecraft:iron_sword":5,"minecraft:bell":8,"minecraft:nether_bricks":19,"minecraft:golden_shovel":8,"minecraft:bucket":6,"minecraft:stone_axe":8,"minecraft:air":0,"minecraft:bread":2,"minecraft:blue_dye":4,"minecraft:oak_boat":2,"minecraft:gold_nugget":54,"minecraft:anvil":1,"minecraft:stonecutter":2,"minecraft:crimson_door":3,"minecraft:torch":1184,"minecraft:lapis_lazuli":32,"minecraft:lapis_block":24,"minecraft:diamond_chestplate":2},"minecraft:custom":{"minecraft:interact_with_crafting_table":412,"minecraft:open_barrel":99,"minecraft:eat_cake_slice":6,"minecraft:leave_game":72,"minecraft:time_since_death":15958,"minecraft:damage_blocked_by_shield":23811,"minecraft:play_time":3343401,"minecraft:deaths":38,"minecraft:jump":47370,"minecraft:enchant_item":50,"minecraft:interact_with_furnace":170,"minecraft:play_record":1,"minecraft:traded_with_villager":679,"minecraft:sleep_in_bed":88,"minecraft:damage_dealt":119124,"minecraft:interact_with_smoker":131,"minecraft:inspect_dispenser":33,"minecraft:horse_one_cm":2883,"minecraft:use_cauldron":6,"minecraft:interact_with_smithing_table":2,"minecraft:interact_with_anvil":26,"minecraft:inspect_hopper":1,"minecraft:sneak_time":132299,"minecraft:interact_with_blast_furnace":105,"minecraft:total_world_time":3343401,"minecraft:tune_noteblock":99,"minecraft:interact_with_stonecutter":109,"minecraft:time_since_rest":3359,"minecraft:swim_one_cm":156461,"minecraft:fly_one_cm":12271862,"minecraft:open_chest":2590,"minecraft:fall_one_cm":1004797,"minecraft:animals_bred":217,"minecraft:sprint_one_cm":7862184,"minecraft:drop":523,"minecraft:talked_to_villager":655,"minecraft:interact_with_brewingstand":131,"minecraft:walk_on_water_one_cm":155364,"minecraft:interact_with_loom":1,"minecraft:open_enderchest":27,"minecraft:player_kills":1,"minecraft:crouch_one_cm":506585,"minecraft:mob_kills":1128,"minecraft:fill_cauldron":3,"minecraft:climb_one_cm":125831,"minecraft:walk_one_cm":7348280,"minecraft:walk_under_water_one_cm":50113,"minecraft:boat_one_cm":535191,"minecraft:interact_with_grindstone":36,"minecraft:damage_taken":33185,"minecraft:damage_absorbed":40},"minecraft:mined":{"minecraft:white_bed":17,"minecraft:obsidian":40,"minecraft:warped_stairs":4,"minecraft:carved_pumpkin":1,"minecraft:granite":51,"minecraft:crimson_trapdoor":1,"minecraft:deepslate_bricks":41,"minecraft:purpur_slab":4,"minecraft:deepslate_tile_stairs":8,"minecraft:crimson_fungus":5,"minecraft:hopper":1,"minecraft:oxeye_daisy":1,"minecraft:oak_wall_sign":1,"minecraft:nether_wart":52,"minecraft:chiseled_stone_bricks":212,"minecraft:spawner":1,"minecraft:polished_blackstone_bricks":67,"minecraft:weeping_vines_plant":13,"minecraft:magma_block":9,"minecraft:fire":116,"minecraft:barrel":5,"minecraft:cobbled_deepslate":35,"minecraft:deepslate_lapis_ore":17,"minecraft:pumpkin":39,"minecraft:fletching_table":3,"minecraft:enchanting_table":1,"minecraft:twisting_vines":13,"minecraft:oak_sign":1,"minecraft:dirt_path":9,"minecraft:oak_stairs":1,"minecraft:quartz_slab":15,"minecraft:tripwire":2,"minecraft:brown_mushroom":10,"minecraft:kelp_plant":5,"minecraft:smoker":3,"minecraft:crimson_nylium":51,"minecraft:amethyst_cluster":3,"minecraft:deepslate_tile_slab":4,"minecraft:torch":59,"minecraft:blast_furnace":3,"minecraft:melon":22,"minecraft:nether_brick_slab":1,"minecraft:glass":10,"minecraft:sugar_cane":90,"minecraft:crimson_stairs":1,"minecraft:amethyst_block":68,"minecraft:wheat":269,"minecraft:lilac":1,"minecraft:warped_fungus":3,"minecraft:stone_brick_stairs":21,"minecraft:copper_block":6,"minecraft:grass":369,"minecraft:oak_fence_gate":2,"minecraft:loom":2,"minecraft:smooth_basalt":56,"minecraft:red_mushroom_block":11,"minecraft:stonecutter":9,"minecraft:stripped_crimson_stem":1,"minecraft:piston":1,"minecraft:deepslate":1941,"minecraft:attached_pumpkin_stem":1,"minecraft:deepslate_tiles":11,"minecraft:mossy_cobblestone":24,"minecraft:nether_brick_wall":9,"minecraft:end_stone":646,"minecraft:birch_fence_gate":2,"minecraft:nether_bricks":233,"minecraft:cobbled_deepslate_slab":4,"minecraft:allium":13,"minecraft:spruce_fence":32,"minecraft:crimson_roots":18,"minecraft:cartography_table":2,"minecraft:andesite":26,"minecraft:potatoes":37,"minecraft:rail":87,"minecraft:warped_stem":74,"minecraft:bone_block":38,"minecraft:cake":1,"minecraft:ender_chest":9,"minecraft:oak_slab":93,"minecraft:glass_pane":12,"minecraft:chiseled_nether_bricks":1,"minecraft:soul_sand":165,"minecraft:dandelion":59,"minecraft:cornflower":14,"minecraft:emerald_ore":4,"minecraft:warped_roots":8,"minecraft:crimson_slab":4,"minecraft:purpur_pillar":9,"minecraft:copper_ore":20,"minecraft:tall_grass":39,"minecraft:deepslate_gold_ore":35,"minecraft:diorite":82,"minecraft:warped_wart_block":11,"minecraft:purple_bed":6,"minecraft:spruce_log":6,"minecraft:birch_leaves":57,"minecraft:quartz_pillar":16,"minecraft:gravel":190,"minecraft:dripstone_block":10,"minecraft:polished_blackstone":1,"minecraft:stone_bricks":6,"minecraft:gold_ore":6,"minecraft:infested_stone":2,"minecraft:spruce_planks":3,"minecraft:oak_sapling":1,"minecraft:farmland":5,"minecraft:sculk_vein":5,"minecraft:brewing_stand":9,"minecraft:budding_amethyst":4,"minecraft:grass_block":1922,"minecraft:cracked_polished_blackstone_bricks":50,"minecraft:soul_soil":131,"minecraft:polished_diorite":32,"minecraft:gilded_blackstone":1,"minecraft:smooth_stone":298,"minecraft:sculk_catalyst":1,"minecraft:glowstone":100,"minecraft:iron_ore":275,"minecraft:pointed_dripstone":10,"minecraft:deepslate_redstone_ore":55,"minecraft:quartz_block":2,"minecraft:blackstone":125,"minecraft:twisting_vines_plant":1,"minecraft:purpur_stairs":1,"minecraft:soul_lantern":5,"minecraft:chiseled_quartz_block":2,"minecraft:calcite":115,"minecraft:poppy":16,"minecraft:chest":18,"minecraft:mushroom_stem":11,"minecraft:nether_quartz_ore":780,"minecraft:cobblestone":190,"minecraft:grindstone":2,"minecraft:oak_planks":183,"minecraft:iron_door":13,"minecraft:wall_torch":58,"minecraft:cauldron":3,"minecraft:warped_nylium":21,"minecraft:powered_rail":13,"minecraft:warped_planks":57,"minecraft:nether_wart_block":51,"minecraft:birch_log":153,"minecraft:purpur_block":8,"minecraft:smooth_stone_slab":142,"minecraft:oak_log":1442,"minecraft:sand":705,"minecraft:dirt":1928,"minecraft:crimson_planks":27,"minecraft:dispenser":1,"minecraft:netherrack":4946,"minecraft:oak_leaves":826,"minecraft:nether_gold_ore":11,"minecraft:tuff":284,"minecraft:dark_oak_leaves":1,"minecraft:deepslate_diamond_ore":28,"minecraft:ladder":3,"minecraft:weeping_vines":8,"minecraft:brown_mushroom_block":90,"minecraft:spruce_leaves":10,"minecraft:crimson_stem":220,"minecraft:hay_block":18,"minecraft:deepslate_brick_slab":26,"minecraft:oak_trapdoor":1,"minecraft:furnace":10,"minecraft:carrots":57,"minecraft:nether_sprouts":1,"minecraft:chiseled_deepslate":1,"minecraft:peony":1,"minecraft:gold_block":15,"minecraft:nether_brick_fence":16,"minecraft:polished_deepslate":10,"minecraft:bookshelf":43,"minecraft:deepslate_iron_ore":188,"minecraft:shroomlight":8,"minecraft:lantern":9,"minecraft:crimson_door":2,"minecraft:packed_ice":2,"minecraft:chorus_plant":1,"minecraft:stone":4218,"minecraft:white_tulip":1,"minecraft:infested_stone_bricks":2,"minecraft:basalt":379,"minecraft:oak_fence":32,"minecraft:crafting_table":28,"minecraft:rose_bush":1,"minecraft:sculk_sensor":2,"minecraft:lectern":222,"minecraft:stone_slab":2,"minecraft:quartz_bricks":5,"minecraft:lapis_ore":10,"minecraft:sculk":12,"minecraft:birch_planks":6,"minecraft:redstone_torch":15,"minecraft:white_wall_banner":1,"minecraft:coal_ore":854,"minecraft:end_rod":7,"minecraft:cracked_stone_bricks":4,"minecraft:mossy_stone_bricks":6,"minecraft:warped_slab":16},"minecraft:killed":{"minecraft:cave_spider":1,"minecraft:shulker":15,"minecraft:skeleton":519,"minecraft:chicken":48,"minecraft:magma_cube":87,"minecraft:salmon":2,"minecraft:pillager":17,"minecraft:zombie":149,"minecraft:cow":5,"minecraft:warden":1,"minecraft:rabbit":1,"minecraft:wandering_trader":3,"minecraft:enderman":20,"minecraft:witch":1,"minecraft:spider":46,"minecraft:silverfish":16,"minecraft:piglin_brute":5,"minecraft:piglin":5,"minecraft:pig":32,"minecraft:zombie_villager":5,"minecraft:creeper":12,"minecraft:sheep":49,"minecraft:trader_llama":7,"minecraft:ghast":3,"minecraft:blaze":29,"minecraft:phantom":2,"minecraft:drowned":4,"minecraft:hoglin":20,"minecraft:wither_skeleton":7}},"DataVersion":3465}