{"stats":{"minecraft:picked_up":{"minecraft:iron_chestplate":7,"minecraft:lead":9,"minecraft:oak_stairs":1,"minecraft:enchanted_book":1,"minecraft:brewing_stand":9,"minecraft:golden_sword":2,"minecraft:polished_deepslate":10,"minecraft:amethyst_block":71,"minecraft:string":50,"minecraft:soul_soil":119,"minecraft:shroomlight":8,"minecraft:diamond_leggings":2,"minecraft:gold_nugget":114,"minecraft:cobbled_deepslate":1680,"minecraft:spruce_planks":5,"minecraft:warped_slab":20,"minecraft:melon_slice":112,"minecraft:golden_helmet":2,"minecraft:composter":1,"minecraft:warped_planks":57,"minecraft:deepslate_tile_stairs":8,"minecraft:rabbit_foot":1,"minecraft:golden_chestplate":2,"minecraft:cauldron":3,"minecraft:chiseled_nether_bricks":1,"minecraft:stone_sword":4,"minecraft:glowstone":12,"minecraft:blaze_rod":17,"minecraft:birch_log":151,"minecraft:magma_block":16,"minecraft:feather":50,"minecraft:cooked_beef":19,"minecraft:water_bucket":5,"minecraft:copper_block":6,"minecraft:smoker":3,"minecraft:flint":53,"minecraft:lantern":11,"minecraft:twisting_vines":11,"minecraft:stonecutter":9,"minecraft:rabbit":1,"minecraft:glowstone_dust":372,"minecraft:warped_wart_block":11,"minecraft:stripped_crimson_stem":1,"minecraft:birch_fence_gate":2,"minecraft:ink_sac":1,"minecraft:crimson_door":4,"minecraft:loom":1,"minecraft:barrel":5,"minecraft:quartz_bricks":5,"minecraft:dispenser":1,"minecraft:deepslate":82,"minecraft:granite":40,"minecraft:golden_horse_armor":1,"minecraft:bread":4,"minecraft:diamond_pickaxe":3,"minecraft:crimson_roots":22,"minecraft:crafting_table":27,"minecraft:nether_wart":158,"minecraft:crimson_trapdoor":1,"minecraft:cornflower":23,"minecraft:flint_and_steel":1,"minecraft:iron_shovel":8,"minecraft:cartography_table":2,"minecraft:beef":22,"minecraft:poppy":6,"minecraft:minecart":19,"minecraft:chest":18,"minecraft:birch_sapling":9,"minecraft:egg":181,"minecraft:copper_ore":1,"minecraft:stone":493,"minecraft:spruce_fence":32,"minecraft:fire_charge":7,"minecraft:cake":1,"minecraft:carrot":238,"minecraft:redstone":323,"minecraft:stone_shovel":1,"minecraft:peony":2,"minecraft:shears":1,"minecraft:deepslate_bricks":40,"minecraft:hay_block":19,"minecraft:gold_ingot":7,"minecraft:polished_blackstone":1,"minecraft:mutton":77,"minecraft:white_wool":64,"minecraft:bone_block":70,"minecraft:rail":13,"minecraft:crimson_slab":4,"minecraft:oxeye_daisy":1,"minecraft:stripped_oak_log":4,"minecraft:birch_leaves":8,"minecraft:clock":1,"minecraft:oak_log":1538,"minecraft:lily_pad":2,"minecraft:golden_boots":6,"minecraft:paper":1,"minecraft:white_banner":2,"minecraft:apple":13,"minecraft:kelp":34,"minecraft:warped_stem":74,"minecraft:stone_pickaxe":19,"minecraft:glass_bottle":3,"minecraft:iron_sword":15,"minecraft:smooth_basalt":83,"minecraft:spyglass":2,"minecraft:gravel":211,"minecraft:crimson_stairs":1,"minecraft:spruce_log":6,"minecraft:purple_bed":7,"minecraft:stone_axe":4,"minecraft:polished_diorite":32,"minecraft:gray_wool":5,"minecraft:warped_roots":8,"minecraft:baked_potato":65,"minecraft:warped_nylium":21,"minecraft:hopper":1,"minecraft:ender_pearl":8,"minecraft:chiseled_deepslate":1,"minecraft:wheat":288,"minecraft:nether_brick_fence":16,"minecraft:potion":8,"minecraft:gilded_blackstone":3,"minecraft:stone_brick_stairs":19,"minecraft:crimson_planks":24,"minecraft:warped_stairs":4,"minecraft:raw_copper":201,"minecraft:smooth_stone_slab":102,"minecraft:iron_leggings":7,"minecraft:deepslate_tiles":11,"minecraft:smooth_stone":304,"minecraft:bucket":2,"minecraft:red_dye":6,"minecraft:white_tulip":1,"minecraft:redstone_torch":3,"minecraft:rose_bush":9,"minecraft:calcite":150,"minecraft:iron_pickaxe":39,"minecraft:iron_boots":9,"minecraft:furnace":14,"minecraft:stick":278,"minecraft:oak_fence":41,"minecraft:torch":334,"minecraft:porkchop":121,"minecraft:pointed_dripstone":37,"minecraft:diorite":66,"minecraft:quartz_block":4,"minecraft:rotten_flesh":93,"minecraft:obsidian":39,"minecraft:cobblestone":3147,"minecraft:enchanting_table":1,"minecraft:lilac":1,"minecraft:magma_cream":4,"minecraft:andesite":38,"minecraft:chiseled_quartz_block":2,"minecraft:potato":129,"minecraft:tuff":338,"minecraft:dirt":2763,"minecraft:lapis_lazuli":273,"minecraft:leather_boots":1,"minecraft:bone":244,"minecraft:bow":11,"minecraft:wheat_seeds":758,"minecraft:raw_gold":64,"minecraft:deepslate_brick_slab":27,"minecraft:cobbled_deepslate_slab":68,"minecraft:grindstone":2,"minecraft:fletching_table":1,"minecraft:powered_rail":3,"minecraft:oak_planks":309,"minecraft:cooked_porkchop":24,"minecraft:music_disc_13":2,"minecraft:poisonous_potato":3,"minecraft:sand":709,"minecraft:grass_block":1,"minecraft:mossy_cobblestone":23,"minecraft:sugar":1,"minecraft:diamond":60,"minecraft:spruce_boat":14,"minecraft:soul_lantern":5,"minecraft:cracked_polished_blackstone_bricks":76,"minecraft:crossbow":3,"minecraft:grass":1,"minecraft:golden_apple":2,"minecraft:emerald":13,"minecraft:oak_sapling":283,"minecraft:netherrack":4869,"minecraft:allium":34,"minecraft:chicken":46,"minecraft:ladder":6,"minecraft:brown_mushroom":49,"minecraft:wooden_pickaxe":1,"minecraft:gold_block":15,"minecraft:shield":18,"minecraft:iron_axe":12,"minecraft:quartz_slab":17,"minecraft:blackstone":136,"minecraft:oak_boat":12,"minecraft:light_gray_wool":13,"minecraft:lectern":187,"minecraft:sugar_cane":141,"minecraft:phantom_membrane":2,"minecraft:raw_iron":665,"minecraft:polished_blackstone_bricks":64,"minecraft:quartz_pillar":16,"minecraft:weeping_vines":12,"minecraft:arrow":206,"minecraft:pumpkin_pie":5,"minecraft:nether_bricks":205,"minecraft:pink_tulip":4,"minecraft:nether_brick_wall":9,"minecraft:basalt":496,"minecraft:glow_ink_sac":21,"minecraft:crimson_stem":296,"minecraft:salmon":2,"minecraft:leather":34,"minecraft:birch_planks":152,"minecraft:crimson_fungus":4,"minecraft:nether_wart_block":48,"minecraft:gunpowder":18,"minecraft:deepslate_tile_slab":3,"minecraft:wooden_hoe":3,"minecraft:cooked_mutton":47,"minecraft:iron_ingot":60,"minecraft:soul_sand":307,"minecraft:book":1,"minecraft:sculk_catalyst":1,"minecraft:oak_slab":64,"minecraft:warped_fungus":4,"minecraft:birch_boat":21,"minecraft:pumpkin":40,"minecraft:chiseled_stone_bricks":205,"minecraft:quartz":1021,"minecraft:dandelion":85,"minecraft:dripstone_block":16,"minecraft:amethyst_shard":14,"minecraft:blast_furnace":3,"minecraft:white_bed":22,"minecraft:nether_brick_slab":1,"minecraft:spider_eye":15,"minecraft:chainmail_leggings":1,"minecraft:iron_helmet":11,"minecraft:black_wool":1,"minecraft:coal":1003},"minecraft:broken":{"minecraft:golden_sword":1,"minecraft:iron_sword":1,"minecraft:stone_hoe":1,"minecraft:wooden_pickaxe":1,"minecraft:shield":5,"minecraft:iron_axe":15,"minecraft:iron_pickaxe":26,"minecraft:golden_helmet":1,"minecraft:iron_shovel":7,"minecraft:golden_shovel":8,"minecraft:stone_pickaxe":9,"minecraft:stone_axe":4},"minecraft:used":{"minecraft:nether_brick_fence":6,"minecraft:chiseled_deepslate":11,"minecraft:dispenser":5,"minecraft:polished_blackstone":2,"minecraft:ladder":69,"minecraft:chest":78,"minecraft:stone":26,"minecraft:quartz_stairs":25,"minecraft:rotten_flesh":14,"minecraft:soul_sand":22,"minecraft:deepslate_brick_slab":76,"minecraft:spruce_boat":15,"minecraft:quartz_pillar":48,"minecraft:birch_sapling":2,"minecraft:quartz_block":3,"minecraft:stone_brick_stairs":176,"minecraft:bow":32,"minecraft:oak_sapling":112,"minecraft:furnace":13,"minecraft:egg":136,"minecraft:potato":41,"minecraft:powered_rail":20,"minecraft:blackstone":17,"minecraft:wooden_pickaxe":77,"minecraft:composter":2,"minecraft:golden_apple":2,"minecraft:sand":2,"minecraft:blast_furnace":3,"minecraft:chiseled_quartz_block":23,"minecraft:pumpkin_seeds":1,"minecraft:crimson_fence_gate":1,"minecraft:deepslate_tiles":23,"minecraft:stone_button":2,"minecraft:lectern":186,"minecraft:soul_lantern":14,"minecraft:nether_wart_block":44,"minecraft:oak_boat":13,"minecraft:enchanting_table":2,"minecraft:netherrack":2150,"minecraft:torch":1264,"minecraft:brewing_stand":11,"minecraft:twisting_vines":6,"minecraft:nether_brick_slab":34,"minecraft:golden_shovel":260,"minecraft:oak_fence_gate":3,"minecraft:polished_diorite":32,"minecraft:shroomlight":5,"minecraft:iron_axe":3319,"minecraft:barrel":30,"minecraft:smooth_basalt":25,"minecraft:basalt":163,"minecraft:glowstone":47,"minecraft:warped_stairs":12,"minecraft:observer":1,"minecraft:cobbled_deepslate":181,"minecraft:calcite":76,"minecraft:wheat_seeds":298,"minecraft:water_bucket":73,"minecraft:warped_stem":10,"minecraft:nether_brick_wall":19,"minecraft:birch_planks":54,"minecraft:cartography_table":1,"minecraft:cauldron":5,"minecraft:fletching_table":1,"minecraft:deepslate_bricks":139,"minecraft:polished_blackstone_bricks":53,"minecraft:gilded_blackstone":1,"minecraft:rail":107,"minecraft:crimson_trapdoor":1,"minecraft:oak_slab":255,"minecraft:crafting_table":37,"minecraft:birch_sign":4,"minecraft:white_bed":21,"minecraft:cake":1,"minecraft:oak_log":193,"minecraft:diamond_pickaxe":6039,"minecraft:diamond_shovel":1147,"minecraft:iron_pickaxe":7827,"minecraft:spruce_trapdoor":4,"minecraft:chiseled_stone_bricks":145,"minecraft:purple_bed":7,"minecraft:cobblestone":1053,"minecraft:potion":2,"minecraft:crimson_stairs":25,"minecraft:porkchop":4,"minecraft:cooked_porkchop":55,"minecraft:glass_pane":192,"minecraft:jukebox":1,"minecraft:iron_shovel":2046,"minecraft:polished_deepslate":81,"minecraft:bone_block":7,"minecraft:diamond_hoe":2,"minecraft:shield":388,"minecraft:iron_sword":351,"minecraft:nether_wart":56,"minecraft:grass":1,"minecraft:iron_chestplate":1,"minecraft:birch_pressure_plate":2,"minecraft:nether_bricks":15,"minecraft:carrot":105,"minecraft:deepslate_tile_slab":127,"minecraft:tuff":2,"minecraft:music_disc_13":1,"minecraft:obsidian":32,"minecraft:milk_bucket":1,"minecraft:glass":42,"minecraft:quartz_slab":95,"minecraft:lantern":18,"minecraft:warped_nylium":9,"minecraft:iron_helmet":1,"minecraft:crimson_roots":1,"minecraft:item_frame":14,"minecraft:golden_sword":32,"minecraft:birch_button":1,"minecraft:birch_trapdoor":12,"minecraft:warped_fungus":1,"minecraft:birch_leaves":6,"minecraft:stone_pickaxe":1370,"minecraft:oak_planks":522,"minecraft:sugar_cane":4,"minecraft:loom":1,"minecraft:crossbow":6,"minecraft:note_block":1,"minecraft:shears":9,"minecraft:redstone_torch":19,"minecraft:lever":2,"minecraft:birch_fence_gate":2,"minecraft:melon_slice":60,"minecraft:string":2,"minecraft:bread":3,"minecraft:warped_slab":174,"minecraft:deepslate":1,"minecraft:gravel":34,"minecraft:grindstone":2,"minecraft:crimson_door":5,"minecraft:cooked_rabbit":1,"minecraft:andesite":2,"minecraft:smooth_stone_slab":221,"minecraft:bone_meal":207,"minecraft:experience_bottle":1,"minecraft:oak_fence":53,"minecraft:rose_bush":1,"minecraft:white_tulip":1,"minecraft:flint_and_steel":16,"minecraft:redstone":1,"minecraft:spruce_planks":3,"minecraft:stone_hoe":170,"minecraft:cooked_chicken":8,"minecraft:dirt":1462,"minecraft:spyglass":45,"minecraft:white_carpet":1,"minecraft:hopper":5,"minecraft:warped_door":1,"minecraft:spruce_fence":82,"minecraft:birch_door":2,"minecraft:stone_brick_slab":12,"minecraft:wooden_axe":12,"minecraft:bookshelf":16,"minecraft:oak_stairs":14,"minecraft:crimson_slab":42,"minecraft:crimson_planks":245,"minecraft:soul_soil":74,"minecraft:deepslate_tile_stairs":8,"minecraft:cooked_beef":141,"minecraft:quartz_bricks":59,"minecraft:cooked_mutton":76,"minecraft:pink_tulip":1,"minecraft:amethyst_block":10,"minecraft:glass_bottle":66,"minecraft:baked_potato":76,"minecraft:copper_block":6,"minecraft:birch_boat":21,"minecraft:brown_mushroom":2,"minecraft:stonecutter":11,"minecraft:chiseled_nether_bricks":72,"minecraft:warped_planks":137,"minecraft:smoker":5,"minecraft:apple":7,"minecraft:cracked_polished_blackstone_bricks":49,"minecraft:netherite_axe":2,"minecraft:stone_slab":4,"minecraft:stone_axe":439,"minecraft:cobbled_deepslate_slab":167,"minecraft:white_banner":2,"minecraft:bucket":80,"minecraft:pumpkin_pie":5,"minecraft:smooth_stone":273,"minecraft:splash_potion":1},"minecraft:dropped":{"minecraft:iron_sword":4,"minecraft:lapis_lazuli":32,"minecraft:cooked_beef":9,"minecraft:glass_bottle":2,"minecraft:cooked_porkchop":13,"minecraft:weeping_vines":3,"minecraft:rail":8,"minecraft:emerald":2,"minecraft:dirt":69,"minecraft:gold_nugget":4,"minecraft:bone_block":1,"minecraft:iron_pickaxe":16,"minecraft:white_wool":1,"minecraft:bone":44,"minecraft:stone_axe":3,"minecraft:golden_chestplate":1,"minecraft:cobbled_deepslate":474,"minecraft:rotten_flesh":4,"minecraft:oak_planks":28,"minecraft:salmon":2,"minecraft:lectern":1,"minecraft:egg":20,"minecraft:crimson_planks":4,"minecraft:iron_ingot":21,"minecraft:wheat_seeds":21,"minecraft:dripstone_block":10,"minecraft:cobblestone":109,"minecraft:iron_helmet":5,"minecraft:apple":4,"minecraft:potion":5,"minecraft:iron_shovel":2,"minecraft:paper":1,"minecraft:string":2,"minecraft:lily_pad":2,"minecraft:pink_tulip":1,"minecraft:stone_sword":1,"minecraft:deepslate":82,"minecraft:iron_boots":8,"minecraft:cobbled_deepslate_slab":71,"minecraft:spruce_fence":9,"minecraft:shears":1,"minecraft:stone":11,"minecraft:diamond_pickaxe":3,"minecraft:spider_eye":2,"minecraft:bow":6,"minecraft:soul_sand":2,"minecraft:warped_fungus":1,"minecraft:oak_log":215,"minecraft:baked_potato":6,"minecraft:music_disc_13":1,"minecraft:crimson_roots":2,"minecraft:gilded_blackstone":1,"minecraft:birch_log":5,"minecraft:gold_ingot":13,"minecraft:gravel":65,"minecraft:spyglass":2,"minecraft:pointed_dripstone":2,"minecraft:cooked_mutton":9,"minecraft:carrot":122,"minecraft:chiseled_stone_bricks":16,"minecraft:arrow":72,"minecraft:netherrack":209,"minecraft:bread":2,"minecraft:golden_helmet":1,"minecraft:diamond_leggings":3,"minecraft:netherite_axe":1,"minecraft:diorite":44,"minecraft:torch":28,"minecraft:nether_wart_block":2,"minecraft:iron_leggings":3,"minecraft:iron_axe":6,"minecraft:bucket":1,"minecraft:kelp":34,"minecraft:raw_copper":38,"minecraft:tuff":56,"minecraft:stripped_oak_log":1,"minecraft:shield":5,"minecraft:iron_chestplate":4,"minecraft:andesite":22,"minecraft:purple_bed":2,"minecraft:diamond_boots":1,"minecraft:stone_pickaxe":5,"minecraft:raw_gold":1},"minecraft:killed_by":{"minecraft:piglin_brute":3,"minecraft:magma_cube":1,"minecraft:zombie":1,"minecraft:warden":18,"minecraft:creeper":1,"minecraft:blaze":1,"minecraft:skeleton":5},"minecraft:crafted":{"minecraft:smooth_stone":278,"minecraft:chainmail_helmet":4,"minecraft:purple_bed":2,"minecraft:birch_boat":2,"minecraft:blaze_powder":14,"minecraft:oak_pressure_plate":4,"minecraft:lever":2,"minecraft:diamond_shovel":2,"minecraft:nether_brick":204,"minecraft:bookshelf":16,"minecraft:cooked_mutton":97,"minecraft:glass":131,"minecraft:quartz_block":172,"minecraft:diamond_leggings":2,"minecraft:melon_seeds":1,"minecraft:birch_fence_gate":2,"minecraft:polished_blackstone":4,"minecraft:birch_door":3,"minecraft:magenta_dye":1,"minecraft:cooked_rabbit":2,"minecraft:warped_stairs":8,"minecraft:glass_bottle":126,"minecraft:deepslate":1,"minecraft:emerald":237,"minecraft:cooked_porkchop":60,"minecraft:copper_ingot":130,"minecraft:stone_brick_stairs":1,"minecraft:iron_pickaxe":37,"minecraft:gold_ingot":108,"minecraft:light_gray_dye":1,"minecraft:composter":2,"minecraft:smooth_stone_slab":70,"minecraft:jukebox":1,"minecraft:iron_nugget":153,"minecraft:spyglass":2,"minecraft:crimson_trapdoor":2,"minecraft:experience_bottle":1,"minecraft:diamond_hoe":4,"minecraft:crimson_fence_gate":1,"minecraft:soul_torch":20,"minecraft:bone_meal":279,"minecraft:spruce_fence":60,"minecraft:lantern":12,"minecraft:ladder":63,"minecraft:stone_pickaxe":19,"minecraft:diamond_boots":2,"minecraft:spruce_boat":1,"minecraft:redstone_block":60,"minecraft:chainmail_leggings":2,"minecraft:wheat":81,"minecraft:crossbow":1,"minecraft:enchanting_table":1,"minecraft:crimson_slab":48,"minecraft:glowstone":36,"minecraft:enchanted_book":1,"minecraft:oak_fence_gate":3,"minecraft:crimson_stairs":24,"minecraft:soul_lantern":9,"minecraft:golden_apple":2,"minecraft:chainmail_boots":2,"minecraft:fermented_spider_eye":1,"minecraft:wooden_axe":1,"minecraft:oak_stairs":16,"minecraft:birch_trapdoor":12,"minecraft:iron_shovel":12,"minecraft:iron_leggings":5,"minecraft:white_bed":6,"minecraft:note_block":1,"minecraft:grindstone":1,"minecraft:oak_planks":3416,"minecraft:barrel":30,"minecraft:cooked_chicken":8,"minecraft:stone":333,"minecraft:warped_planks":216,"minecraft:hopper":4,"minecraft:bow":5,"minecraft:iron_boots":8,"minecraft:chest":65,"minecraft:copper_block":7,"minecraft:rail":80,"minecraft:birch_button":1,"minecraft:stone_hoe":2,"minecraft:oak_fence":45,"minecraft:golden_sword":1,"minecraft:golden_boots":1,"minecraft:smoker":2,"minecraft:oak_slab":282,"minecraft:item_frame":14,"minecraft:arrow":20,"minecraft:cauldron":2,"minecraft:crafting_table":14,"minecraft:spruce_planks":164,"minecraft:wooden_pickaxe":2,"minecraft:baked_potato":68,"minecraft:iron_helmet":5,"minecraft:birch_pressure_plate":2,"minecraft:chainmail_chestplate":4,"minecraft:birch_planks":476,"minecraft:brewing_stand":2,"minecraft:pumpkin_seeds":4,"minecraft:warped_door":3,"minecraft:dispenser":4,"minecraft:spruce_trapdoor":4,"minecraft:book":50,"minecraft:iron_chestplate":6,"minecraft:paper":153,"minecraft:diamond_pickaxe":6,"minecraft:purple_dye":6,"minecraft:shield":12,"minecraft:stick":4476,"minecraft:warped_slab":162,"minecraft:iron_ingot":687,"minecraft:redstone_torch":16,"minecraft:deepslate_bricks":2,"minecraft:shears":2,"minecraft:cobbled_deepslate_slab":252,"minecraft:purple_wool":6,"minecraft:redstone":48,"minecraft:raw_iron":18,"minecraft:furnace":10,"minecraft:stone_button":2,"minecraft:glass_pane":192,"minecraft:polished_deepslate":6,"minecraft:iron_axe":27,"minecraft:birch_sign":6,"minecraft:minecart":4,"minecraft:observer":1,"minecraft:cooked_beef":23,"minecraft:red_dye":3,"minecraft:crimson_planks":332,"minecraft:powered_rail":12,"minecraft:iron_sword":5,"minecraft:nether_bricks":19,"minecraft:golden_shovel":8,"minecraft:bucket":6,"minecraft:stone_axe":8,"minecraft:air":0,"minecraft:bread":2,"minecraft:blue_dye":3,"minecraft:oak_boat":1,"minecraft:stonecutter":2,"minecraft:crimson_door":3,"minecraft:torch":1136,"minecraft:lapis_lazuli":12,"minecraft:lapis_block":24},"minecraft:custom":{"minecraft:interact_with_crafting_table":372,"minecraft:open_barrel":84,"minecraft:eat_cake_slice":6,"minecraft:leave_game":62,"minecraft:time_since_death":1183776,"minecraft:damage_blocked_by_shield":17265,"minecraft:play_time":2742443,"minecraft:deaths":32,"minecraft:jump":37938,"minecraft:enchant_item":35,"minecraft:interact_with_furnace":167,"minecraft:play_record":1,"minecraft:traded_with_villager":290,"minecraft:sleep_in_bed":76,"minecraft:damage_dealt":90895,"minecraft:interact_with_smoker":131,"minecraft:use_cauldron":6,"minecraft:inspect_dispenser":28,"minecraft:horse_one_cm":2883,"minecraft:interact_with_smithing_table":2,"minecraft:interact_with_anvil":16,"minecraft:inspect_hopper":1,"minecraft:sneak_time":105845,"minecraft:interact_with_blast_furnace":105,"minecraft:total_world_time":2742443,"minecraft:tune_noteblock":99,"minecraft:interact_with_stonecutter":109,"minecraft:time_since_rest":6492,"minecraft:swim_one_cm":141681,"minecraft:fly_one_cm":9485293,"minecraft:open_chest":2073,"minecraft:fall_one_cm":782015,"minecraft:animals_bred":199,"minecraft:sprint_one_cm":6400836,"minecraft:drop":285,"minecraft:talked_to_villager":478,"minecraft:interact_with_brewingstand":25,"minecraft:walk_on_water_one_cm":143402,"minecraft:player_kills":1,"minecraft:crouch_one_cm":372827,"minecraft:mob_kills":782,"minecraft:fill_cauldron":3,"minecraft:climb_one_cm":113095,"minecraft:walk_one_cm":6158584,"minecraft:walk_under_water_one_cm":44962,"minecraft:boat_one_cm":488966,"minecraft:interact_with_grindstone":26,"minecraft:damage_taken":24528,"minecraft:damage_absorbed":40},"minecraft:mined":{"minecraft:white_bed":17,"minecraft:warped_stairs":4,"minecraft:obsidian":40,"minecraft:granite":13,"minecraft:crimson_trapdoor":1,"minecraft:deepslate_bricks":41,"minecraft:deepslate_tile_stairs":8,"minecraft:hopper":1,"minecraft:crimson_fungus":5,"minecraft:nether_wart":34,"minecraft:oxeye_daisy":1,"minecraft:chiseled_stone_bricks":205,"minecraft:polished_blackstone_bricks":67,"minecraft:weeping_vines_plant":13,"minecraft:magma_block":9,"minecraft:cobbled_deepslate":35,"minecraft:fire":115,"minecraft:barrel":5,"minecraft:pumpkin":22,"minecraft:deepslate_lapis_ore":17,"minecraft:enchanting_table":1,"minecraft:twisting_vines":13,"minecraft:quartz_slab":15,"minecraft:oak_stairs":1,"minecraft:tripwire":2,"minecraft:brown_mushroom":10,"minecraft:kelp_plant":5,"minecraft:smoker":3,"minecraft:crimson_nylium":51,"minecraft:amethyst_cluster":3,"minecraft:deepslate_tile_slab":4,"minecraft:torch":57,"minecraft:blast_furnace":3,"minecraft:melon":22,"minecraft:nether_brick_slab":1,"minecraft:glass":10,"minecraft:sugar_cane":90,"minecraft:crimson_stairs":1,"minecraft:amethyst_block":68,"minecraft:wheat":269,"minecraft:warped_fungus":3,"minecraft:stone_brick_stairs":19,"minecraft:copper_block":6,"minecraft:grass":253,"minecraft:oak_fence_gate":2,"minecraft:loom":1,"minecraft:smooth_basalt":56,"minecraft:red_mushroom_block":11,"minecraft:stonecutter":9,"minecraft:stripped_crimson_stem":1,"minecraft:deepslate":1908,"minecraft:attached_pumpkin_stem":1,"minecraft:deepslate_tiles":11,"minecraft:mossy_cobblestone":24,"minecraft:nether_brick_wall":9,"minecraft:birch_fence_gate":2,"minecraft:nether_bricks":233,"minecraft:cobbled_deepslate_slab":4,"minecraft:allium":13,"minecraft:spruce_fence":32,"minecraft:crimson_roots":18,"minecraft:cartography_table":2,"minecraft:andesite":21,"minecraft:potatoes":37,"minecraft:rail":14,"minecraft:warped_stem":74,"minecraft:bone_block":38,"minecraft:cake":1,"minecraft:oak_slab":59,"minecraft:glass_pane":12,"minecraft:chiseled_nether_bricks":1,"minecraft:soul_sand":165,"minecraft:dandelion":36,"minecraft:cornflower":12,"minecraft:emerald_ore":4,"minecraft:warped_roots":8,"minecraft:crimson_slab":4,"minecraft:tall_grass":22,"minecraft:copper_ore":20,"minecraft:deepslate_gold_ore":35,"minecraft:diorite":70,"minecraft:warped_wart_block":11,"minecraft:purple_bed":6,"minecraft:spruce_log":6,"minecraft:birch_leaves":42,"minecraft:quartz_pillar":16,"minecraft:gravel":179,"minecraft:dripstone_block":8,"minecraft:polished_blackstone":1,"minecraft:gold_ore":6,"minecraft:infested_stone":2,"minecraft:spruce_planks":3,"minecraft:oak_sapling":1,"minecraft:sculk_vein":5,"minecraft:brewing_stand":9,"minecraft:budding_amethyst":4,"minecraft:grass_block":1532,"minecraft:cracked_polished_blackstone_bricks":50,"minecraft:soul_soil":131,"minecraft:polished_diorite":32,"minecraft:gilded_blackstone":1,"minecraft:smooth_stone":298,"minecraft:glowstone":100,"minecraft:sculk_catalyst":1,"minecraft:iron_ore":267,"minecraft:pointed_dripstone":10,"minecraft:deepslate_redstone_ore":55,"minecraft:quartz_block":2,"minecraft:blackstone":125,"minecraft:twisting_vines_plant":1,"minecraft:soul_lantern":5,"minecraft:chiseled_quartz_block":2,"minecraft:calcite":115,"minecraft:poppy":3,"minecraft:chest":18,"minecraft:mushroom_stem":11,"minecraft:nether_quartz_ore":780,"minecraft:cobblestone":189,"minecraft:grindstone":2,"minecraft:oak_planks":152,"minecraft:wall_torch":47,"minecraft:cauldron":3,"minecraft:warped_nylium":21,"minecraft:powered_rail":3,"minecraft:warped_planks":57,"minecraft:nether_wart_block":51,"minecraft:birch_log":146,"minecraft:smooth_stone_slab":95,"minecraft:oak_log":1140,"minecraft:sand":705,"minecraft:dirt":1003,"minecraft:crimson_planks":27,"minecraft:dispenser":1,"minecraft:netherrack":4946,"minecraft:oak_leaves":335,"minecraft:nether_gold_ore":11,"minecraft:tuff":284,"minecraft:dark_oak_leaves":1,"minecraft:deepslate_diamond_ore":28,"minecraft:ladder":3,"minecraft:weeping_vines":8,"minecraft:brown_mushroom_block":90,"minecraft:spruce_leaves":1,"minecraft:crimson_stem":220,"minecraft:hay_block":18,"minecraft:deepslate_brick_slab":26,"minecraft:furnace":10,"minecraft:carrots":57,"minecraft:nether_sprouts":1,"minecraft:chiseled_deepslate":1,"minecraft:peony":1,"minecraft:gold_block":15,"minecraft:nether_brick_fence":16,"minecraft:polished_deepslate":10,"minecraft:deepslate_iron_ore":188,"minecraft:shroomlight":8,"minecraft:lantern":9,"minecraft:crimson_door":2,"minecraft:packed_ice":2,"minecraft:stone":3209,"minecraft:white_tulip":1,"minecraft:basalt":364,"minecraft:crafting_table":26,"minecraft:oak_fence":32,"minecraft:rose_bush":1,"minecraft:sculk_sensor":2,"minecraft:lectern":187,"minecraft:quartz_bricks":5,"minecraft:lapis_ore":5,"minecraft:sculk":12,"minecraft:birch_planks":6,"minecraft:redstone_torch":3,"minecraft:white_wall_banner":1,"minecraft:coal_ore":534,"minecraft:warped_slab":16},"minecraft:killed":{"minecraft:cave_spider":1,"minecraft:skeleton":310,"minecraft:chicken":47,"minecraft:magma_cube":87,"minecraft:salmon":2,"minecraft:pillager":14,"minecraft:zombie":85,"minecraft:cow":5,"minecraft:warden":1,"minecraft:rabbit":1,"minecraft:wandering_trader":3,"minecraft:enderman":9,"minecraft:witch":1,"minecraft:spider":26,"minecraft:silverfish":6,"minecraft:piglin_brute":5,"minecraft:piglin":5,"minecraft:pig":32,"minecraft:zombie_villager":2,"minecraft:creeper":6,"minecraft:sheep":48,"minecraft:trader_llama":7,"minecraft:ghast":3,"minecraft:blaze":29,"minecraft:phantom":2,"minecraft:drowned":3,"minecraft:hoglin":20,"minecraft:wither_skeleton":7}},"DataVersion":3465}