{"stats":{"minecraft:picked_up":{"minecraft:shulker_shell":2,"minecraft:iron_chestplate":12,"minecraft:wheat":417,"minecraft:stone_slab":2,"minecraft:lead":3,"minecraft:oak_stairs":15,"minecraft:potion":7,"minecraft:gilded_blackstone":3,"minecraft:crimson_planks":11,"minecraft:brewing_stand":2,"minecraft:golden_sword":2,"minecraft:amethyst_block":21,"minecraft:string":59,"minecraft:soul_soil":5,"minecraft:raw_copper":118,"minecraft:smooth_stone_slab":15,"minecraft:iron_leggings":11,"minecraft:pufferfish":7,"minecraft:shroomlight":5,"minecraft:beetroot":142,"minecraft:diamond_leggings":8,"minecraft:smooth_stone":371,"minecraft:gold_nugget":218,"minecraft:cobbled_deepslate":1088,"minecraft:crimson_fence":16,"minecraft:bucket":7,"minecraft:eye_armor_trim_smithing_template":1,"minecraft:redstone_torch":16,"minecraft:cobblestone_slab":1,"minecraft:ender_eye":7,"minecraft:iron_pickaxe":37,"minecraft:melon_slice":264,"minecraft:iron_boots":11,"minecraft:golden_helmet":4,"minecraft:stick":102,"minecraft:crimson_pressure_plate":16,"minecraft:oak_fence":148,"minecraft:torch":285,"minecraft:porkchop":2,"minecraft:pointed_dripstone":14,"minecraft:diorite":88,"minecraft:golden_chestplate":4,"minecraft:quartz_block":6,"minecraft:stone_sword":2,"minecraft:rotten_flesh":134,"minecraft:carved_pumpkin":2,"minecraft:end_rod":14,"minecraft:obsidian":2,"minecraft:cod":25,"minecraft:snowball":44,"minecraft:cobblestone":2623,"minecraft:birch_log":51,"minecraft:repeater":1,"minecraft:magma_block":2,"minecraft:water_bucket":2,"minecraft:feather":39,"minecraft:cooked_beef":27,"minecraft:magma_cream":1,"minecraft:iron_door":45,"minecraft:andesite":14,"minecraft:brown_wool":1,"minecraft:potato":419,"minecraft:flint":18,"minecraft:tuff":125,"minecraft:lapis_lazuli":201,"minecraft:dirt":2445,"minecraft:lantern":3,"minecraft:name_tag":1,"minecraft:leather_boots":1,"minecraft:purple_carpet":16,"minecraft:bone":282,"minecraft:cobbled_deepslate_slab":7,"minecraft:stonecutter":3,"minecraft:bow":20,"minecraft:wheat_seeds":1243,"minecraft:deepslate_brick_slab":5,"minecraft:raw_gold":54,"minecraft:bell":8,"minecraft:mossy_stone_bricks":3,"minecraft:diamond_helmet":3,"minecraft:rabbit":5,"minecraft:glowstone_dust":70,"minecraft:oak_planks":891,"minecraft:cooked_porkchop":47,"minecraft:music_disc_13":3,"minecraft:warped_wart_block":5,"minecraft:poisonous_potato":1,"minecraft:sand":91,"minecraft:ink_sac":1,"minecraft:grass_block":2,"minecraft:loom":1,"minecraft:mossy_cobblestone":22,"minecraft:deepslate":18,"minecraft:diamond":10,"minecraft:lever":2,"minecraft:cracked_polished_blackstone_bricks":15,"minecraft:granite":20,"minecraft:bread":2,"minecraft:golden_horse_armor":1,"minecraft:emerald":1,"minecraft:oak_sapling":60,"minecraft:netherrack":328,"minecraft:chorus_fruit":54,"minecraft:oak_leaves":4,"minecraft:crimson_roots":3,"minecraft:diamond_pickaxe":10,"minecraft:charcoal":2,"minecraft:fishing_rod":1,"minecraft:crafting_table":28,"minecraft:splash_potion":15,"minecraft:azure_bluet":1,"minecraft:nether_wart":24,"minecraft:chicken":31,"minecraft:ladder":1,"minecraft:brown_mushroom":15,"minecraft:purpur_block":27,"minecraft:shield":15,"minecraft:cornflower":11,"minecraft:iron_axe":18,"minecraft:flint_and_steel":1,"minecraft:white_carpet":11,"minecraft:iron_shovel":7,"minecraft:blackstone":28,"minecraft:beef":34,"minecraft:sugar_cane":160,"minecraft:poppy":4,"minecraft:light_gray_wool":19,"minecraft:lectern":1,"minecraft:quartz_stairs":1,"minecraft:chest":1,"minecraft:birch_sapling":1,"minecraft:diamond_hoe":2,"minecraft:egg":370,"minecraft:raw_iron":175,"minecraft:end_stone":838,"minecraft:stone":138,"minecraft:oak_door":12,"minecraft:bowl":2,"minecraft:spruce_fence":27,"minecraft:fire_charge":2,"minecraft:polished_blackstone_bricks":19,"minecraft:carrot":344,"minecraft:redstone":340,"minecraft:arrow":445,"minecraft:diamond_chestplate":3,"minecraft:stone_shovel":3,"minecraft:beetroot_seeds":431,"minecraft:golden_hoe":1,"minecraft:nether_bricks":4,"minecraft:shears":1,"minecraft:diamond_boots":6,"minecraft:saddle":3,"minecraft:gold_ingot":9,"minecraft:mutton":33,"minecraft:white_wool":40,"minecraft:bone_block":44,"minecraft:rail":9,"minecraft:crimson_slab":21,"minecraft:basalt":14,"minecraft:crimson_stem":79,"minecraft:glow_ink_sac":4,"minecraft:salmon":16,"minecraft:leather":32,"minecraft:crimson_fungus":2,"minecraft:oak_log":714,"minecraft:chainmail_chestplate":8,"minecraft:lily_pad":1,"minecraft:golden_boots":2,"minecraft:nether_wart_block":4,"minecraft:gunpowder":5,"minecraft:wooden_hoe":2,"minecraft:paper":1,"minecraft:white_banner":1,"minecraft:cooked_mutton":5,"minecraft:apple":6,"minecraft:stone_bricks":1,"minecraft:kelp":59,"minecraft:warped_stem":76,"minecraft:rabbit_hide":5,"minecraft:iron_ingot":71,"minecraft:oak_fence_gate":2,"minecraft:stone_pickaxe":10,"minecraft:cooked_chicken":61,"minecraft:glass_bottle":5,"minecraft:iron_sword":15,"minecraft:soul_sand":40,"minecraft:sculk_catalyst":2,"minecraft:oak_slab":184,"minecraft:warped_fungus":2,"minecraft:birch_boat":1,"minecraft:pumpkin":60,"minecraft:sweet_berries":13,"minecraft:chiseled_stone_bricks":255,"minecraft:quartz":144,"minecraft:dandelion":35,"minecraft:spyglass":3,"minecraft:raw_iron_block":4,"minecraft:dripstone_block":2,"minecraft:gravel":118,"minecraft:crimson_stairs":35,"minecraft:blast_furnace":1,"minecraft:white_bed":7,"minecraft:spruce_log":133,"minecraft:spider_eye":6,"minecraft:dragon_egg":1,"minecraft:diamond_shovel":5,"minecraft:pumpkin_seeds":19,"minecraft:purple_bed":2,"minecraft:iron_helmet":7,"minecraft:gray_wool":2,"minecraft:warped_roots":2,"minecraft:baked_potato":55,"minecraft:melon_seeds":11,"minecraft:black_wool":2,"minecraft:coal":781,"minecraft:ender_pearl":11},"minecraft:broken":{"minecraft:iron_shovel":6,"minecraft:stone_pickaxe":7,"minecraft:diamond_pickaxe":1,"minecraft:stone_axe":4,"minecraft:stone_shovel":4,"minecraft:golden_hoe":1,"minecraft:stone_hoe":2,"minecraft:iron_axe":6,"minecraft:iron_pickaxe":12,"minecraft:wooden_hoe":1},"minecraft:used":{"minecraft:shield":51,"minecraft:chest":4,"minecraft:iron_shovel":1733,"minecraft:nether_wart":1,"minecraft:ladder":6,"minecraft:diamond_hoe":268,"minecraft:bone_block":12,"minecraft:bell":8,"minecraft:iron_sword":381,"minecraft:stone":46,"minecraft:quartz_stairs":5,"minecraft:rotten_flesh":3,"minecraft:soul_sand":1,"minecraft:carrot":229,"minecraft:deepslate_brick_slab":2,"minecraft:glass":106,"minecraft:lava_bucket":5,"minecraft:quartz_slab":4,"minecraft:quartz_block":14,"minecraft:item_frame":10,"minecraft:repeater":8,"minecraft:bow":370,"minecraft:oak_sapling":45,"minecraft:furnace":2,"minecraft:beetroot_seeds":235,"minecraft:egg":164,"minecraft:potato":195,"minecraft:oak_planks":2447,"minecraft:stone_pickaxe":954,"minecraft:chorus_fruit":2,"minecraft:blackstone":4,"minecraft:ender_pearl":6,"minecraft:composter":1,"minecraft:sugar_cane":14,"minecraft:blast_furnace":2,"minecraft:loom":2,"minecraft:sand":57,"minecraft:golden_hoe":32,"minecraft:end_stone":128,"minecraft:pumpkin_seeds":7,"minecraft:shears":2,"minecraft:sticky_piston":7,"minecraft:lever":3,"minecraft:melon_slice":3,"minecraft:bread":5,"minecraft:lectern":2,"minecraft:gravel":7,"minecraft:grindstone":1,"minecraft:smithing_table":1,"minecraft:cooked_rabbit":4,"minecraft:andesite":8,"minecraft:smooth_stone_slab":15,"minecraft:oak_fence":298,"minecraft:stone_sword":116,"minecraft:crimson_fence":19,"minecraft:flint_and_steel":3,"minecraft:stone_shovel":526,"minecraft:redstone":11,"minecraft:stone_hoe":229,"minecraft:cooked_chicken":43,"minecraft:netherrack":164,"minecraft:spyglass":6,"minecraft:anvil":1,"minecraft:torch":324,"minecraft:brewing_stand":1,"minecraft:dirt":1350,"minecraft:warped_wart_block":2,"minecraft:white_carpet":20,"minecraft:hopper":1,"minecraft:salmon_bucket":2,"minecraft:oak_fence_gate":7,"minecraft:spruce_fence":27,"minecraft:shroomlight":3,"minecraft:birch_door":1,"minecraft:iron_axe":2017,"minecraft:oak_stairs":39,"minecraft:crimson_slab":37,"minecraft:crimson_planks":54,"minecraft:barrel":1,"minecraft:melon_seeds":8,"minecraft:glowstone":8,"minecraft:basalt":11,"minecraft:beef":2,"minecraft:cooked_beef":22,"minecraft:crimson_pressure_plate":19,"minecraft:cobbled_deepslate":262,"minecraft:pumpkin":5,"minecraft:wheat_seeds":620,"minecraft:cooked_mutton":22,"minecraft:water_bucket":210,"minecraft:amethyst_block":21,"minecraft:baked_potato":37,"minecraft:cartography_table":1,"minecraft:cauldron":1,"minecraft:stonecutter":2,"minecraft:cobblestone_slab":1,"minecraft:polished_blackstone_bricks":3,"minecraft:crafting_table":39,"minecraft:mossy_cobblestone":6,"minecraft:oak_slab":413,"minecraft:white_bed":14,"minecraft:campfire":3,"minecraft:spruce_log":1,"minecraft:cake":1,"minecraft:smoker":1,"minecraft:oak_log":4,"minecraft:diamond_shovel":318,"minecraft:wooden_hoe":114,"minecraft:diamond_pickaxe":2793,"minecraft:apple":4,"minecraft:ender_eye":4,"minecraft:chicken":1,"minecraft:iron_pickaxe":3365,"minecraft:stone_slab":4,"minecraft:stone_axe":665,"minecraft:chiseled_stone_bricks":569,"minecraft:fishing_rod":75,"minecraft:purple_bed":2,"minecraft:cobblestone":681,"minecraft:potion":4,"minecraft:cobbled_deepslate_slab":6,"minecraft:crimson_stairs":46,"minecraft:cooked_porkchop":27,"minecraft:bucket":216,"minecraft:glass_pane":78,"minecraft:kelp":30,"minecraft:purple_carpet":16,"minecraft:splash_potion":7,"minecraft:smooth_stone":795},"minecraft:dropped":{"minecraft:iron_sword":3,"minecraft:brown_mushroom":15,"minecraft:birch_planks":23,"minecraft:lapis_lazuli":6,"minecraft:cooked_beef":5,"minecraft:warped_fungus":2,"minecraft:oak_log":4,"minecraft:baked_potato":12,"minecraft:ender_pearl":1,"minecraft:glass_bottle":5,"minecraft:diamond":6,"minecraft:cooked_porkchop":3,"minecraft:leather":4,"minecraft:fletching_table":1,"minecraft:music_disc_13":1,"minecraft:dirt":715,"minecraft:crimson_roots":3,"minecraft:snowball":8,"minecraft:pumpkin_pie":5,"minecraft:iron_pickaxe":9,"minecraft:purpur_block":9,"minecraft:gold_ingot":10,"minecraft:oak_door":9,"minecraft:gravel":45,"minecraft:crimson_fungus":2,"minecraft:stone_axe":1,"minecraft:golden_chestplate":1,"minecraft:cobbled_deepslate":697,"minecraft:wheat":3,"minecraft:pointed_dripstone":8,"minecraft:rotten_flesh":22,"minecraft:end_stone":426,"minecraft:cooked_mutton":9,"minecraft:chainmail_chestplate":8,"minecraft:basalt":87,"minecraft:arrow":93,"minecraft:beef":1,"minecraft:quartz":1,"minecraft:oak_leaves":2,"minecraft:splash_potion":1,"minecraft:egg":61,"minecraft:enchanted_book":1,"minecraft:golden_boots":2,"minecraft:iron_ingot":34,"minecraft:oak_slab":1,"minecraft:wheat_seeds":32,"minecraft:golden_helmet":1,"minecraft:dripstone_block":2,"minecraft:feather":3,"minecraft:cobblestone":954,"minecraft:book":1,"minecraft:granite":9,"minecraft:grass_block":1,"minecraft:coal":58,"minecraft:golden_apple":1,"minecraft:stick":34,"minecraft:diorite":22,"minecraft:ink_sac":1,"minecraft:torch":46,"minecraft:iron_door":35,"minecraft:pumpkin":9,"minecraft:iron_axe":2,"minecraft:raw_iron_block":1,"minecraft:string":7,"minecraft:bucket":1,"minecraft:redstone":34,"minecraft:dandelion":4,"minecraft:soul_soil":1,"minecraft:nether_wart":26,"minecraft:smooth_stone_slab":2,"minecraft:deepslate":18,"minecraft:tuff":87,"minecraft:diamond_hoe":1,"minecraft:stone_shovel":2,"minecraft:white_carpet":2,"minecraft:ender_eye":7,"minecraft:pumpkin_seeds":8,"minecraft:stone":64,"minecraft:shield":1,"minecraft:dragon_egg":1,"minecraft:diamond_pickaxe":4,"minecraft:mossy_stone_bricks":2,"minecraft:cake":1,"minecraft:golden_sword":1,"minecraft:stone_bricks":1,"minecraft:birch_boat":1,"minecraft:bow":5,"minecraft:stone_pickaxe":1},"minecraft:killed_by":{"minecraft:zombified_piglin":1,"minecraft:wither_skeleton":1,"minecraft:piglin_brute":5,"minecraft:creeper":3,"minecraft:player":1,"minecraft:enderman":3,"minecraft:warden":11,"minecraft:skeleton":2},"minecraft:crafted":{"minecraft:grindstone":1,"minecraft:smooth_stone":383,"minecraft:oak_planks":2372,"minecraft:cobblestone_slab":6,"minecraft:barrel":1,"minecraft:blaze_powder":12,"minecraft:cooked_chicken":61,"minecraft:loom":1,"minecraft:stone":785,"minecraft:lever":2,"minecraft:bookshelf":1,"minecraft:cooked_mutton":19,"minecraft:cake":3,"minecraft:quartz_block":23,"minecraft:glass":253,"minecraft:hopper":1,"minecraft:repeater":7,"minecraft:melon_seeds":2,"minecraft:chest":4,"minecraft:chiseled_stone_bricks":377,"minecraft:stone_hoe":1,"minecraft:ender_eye":6,"minecraft:oak_fence":132,"minecraft:cooked_rabbit":3,"minecraft:golden_boots":2,"minecraft:smoker":1,"minecraft:item_frame":10,"minecraft:quartz_stairs":4,"minecraft:oak_slab":294,"minecraft:emerald":1,"minecraft:cauldron":1,"minecraft:cooked_porkchop":48,"minecraft:crafting_table":20,"minecraft:spruce_planks":4,"minecraft:baked_potato":92,"minecraft:smithing_table":1,"minecraft:copper_ingot":39,"minecraft:sticky_piston":7,"minecraft:fletching_table":1,"minecraft:crimson_pressure_plate":14,"minecraft:brewing_stand":1,"minecraft:birch_planks":128,"minecraft:pumpkin_seeds":4,"minecraft:campfire":3,"minecraft:cartography_table":1,"minecraft:lectern":1,"minecraft:book":4,"minecraft:wooden_hoe":3,"minecraft:paper":15,"minecraft:diamond_pickaxe":1,"minecraft:stick":408,"minecraft:stone_slab":30,"minecraft:iron_ingot":125,"minecraft:iron_pickaxe":15,"minecraft:iron_block":10,"minecraft:gold_ingot":60,"minecraft:redstone_torch":14,"minecraft:composter":1,"minecraft:redstone":72,"minecraft:stone_shovel":4,"minecraft:fishing_rod":2,"minecraft:smooth_stone_slab":6,"minecraft:golden_chestplate":2,"minecraft:furnace":3,"minecraft:blast_furnace":1,"minecraft:piston":7,"minecraft:bone_meal":3,"minecraft:white_carpet":15,"minecraft:glass_pane":96,"minecraft:iron_axe":6,"minecraft:ladder":6,"minecraft:stone_pickaxe":8,"minecraft:quartz_slab":6,"minecraft:golden_helmet":2,"minecraft:cooked_beef":23,"minecraft:sugar":23,"minecraft:crimson_planks":192,"minecraft:crimson_slab":24,"minecraft:iron_sword":2,"minecraft:bucket":5,"minecraft:stone_axe":5,"minecraft:glowstone":10,"minecraft:bread":3,"minecraft:crimson_stairs":28,"minecraft:oak_fence_gate":6,"minecraft:oak_stairs":24,"minecraft:crimson_fence":21,"minecraft:iron_shovel":6,"minecraft:anvil":1,"minecraft:stonecutter":1,"minecraft:white_bed":11,"minecraft:pumpkin_pie":10,"minecraft:torch":220},"minecraft:custom":{"minecraft:animals_bred":81,"minecraft:interact_with_crafting_table":175,"minecraft:open_barrel":13,"minecraft:open_shulker_box":3,"minecraft:bell_ring":1,"minecraft:eat_cake_slice":3,"minecraft:leave_game":44,"minecraft:time_since_death":11132,"minecraft:damage_blocked_by_shield":2235,"minecraft:sprint_one_cm":3639893,"minecraft:drop":245,"minecraft:talked_to_villager":5,"minecraft:play_time":2384764,"minecraft:deaths":28,"minecraft:jump":11724,"minecraft:interact_with_brewingstand":2,"minecraft:walk_on_water_one_cm":185268,"minecraft:enchant_item":4,"minecraft:interact_with_furnace":298,"minecraft:traded_with_villager":1,"minecraft:sleep_in_bed":41,"minecraft:open_enderchest":5,"minecraft:damage_dealt":19053,"minecraft:player_kills":1,"minecraft:crouch_one_cm":265758,"minecraft:interact_with_smoker":93,"minecraft:horse_one_cm":937,"minecraft:interact_with_anvil":3,"minecraft:mob_kills":336,"minecraft:inspect_hopper":1,"minecraft:climb_one_cm":65630,"minecraft:walk_one_cm":7348540,"minecraft:sneak_time":136496,"minecraft:walk_under_water_one_cm":77968,"minecraft:boat_one_cm":11765,"minecraft:interact_with_blast_furnace":57,"minecraft:total_world_time":2384764,"minecraft:tune_noteblock":3,"minecraft:interact_with_stonecutter":24,"minecraft:interact_with_grindstone":2,"minecraft:time_since_rest":11494,"minecraft:damage_taken":15543,"minecraft:swim_one_cm":66505,"minecraft:fly_one_cm":1085677,"minecraft:open_chest":1060,"minecraft:fish_caught":46,"minecraft:fall_one_cm":179792},"minecraft:mined":{"minecraft:attached_melon_stem":1,"minecraft:oak_sapling":2,"minecraft:white_bed":5,"minecraft:farmland":218,"minecraft:sculk_vein":31,"minecraft:brewing_stand":1,"minecraft:carved_pumpkin":1,"minecraft:granite":12,"minecraft:grass_block":613,"minecraft:cracked_polished_blackstone_bricks":6,"minecraft:soul_soil":1,"minecraft:composter":1,"minecraft:crimson_fungus":1,"minecraft:nether_wart":21,"minecraft:chiseled_stone_bricks":240,"minecraft:gilded_blackstone":2,"minecraft:smooth_stone":372,"minecraft:polished_blackstone_bricks":11,"minecraft:raw_iron_block":2,"minecraft:magma_block":2,"minecraft:sculk_catalyst":4,"minecraft:glowstone":15,"minecraft:iron_ore":81,"minecraft:cobbled_deepslate":9,"minecraft:pumpkin":46,"minecraft:deepslate_lapis_ore":10,"minecraft:sculk_shrieker":2,"minecraft:pointed_dripstone":7,"minecraft:oak_stairs":15,"minecraft:purple_carpet":5,"minecraft:deepslate_redstone_ore":50,"minecraft:brown_mushroom":15,"minecraft:quartz_block":6,"minecraft:blackstone":4,"minecraft:melon_stem":5,"minecraft:kelp_plant":1,"minecraft:crimson_nylium":2,"minecraft:soul_fire":2,"minecraft:torch":51,"minecraft:blast_furnace":1,"minecraft:poppy":2,"minecraft:melon":49,"minecraft:chest":1,"minecraft:glass":44,"minecraft:cobblestone":253,"minecraft:nether_quartz_ore":143,"minecraft:oak_planks":841,"minecraft:sugar_cane":90,"minecraft:iron_door":14,"minecraft:crimson_stairs":35,"minecraft:wall_torch":50,"minecraft:amethyst_block":21,"minecraft:repeater":1,"minecraft:warped_nylium":8,"minecraft:nether_wart_block":2,"minecraft:birch_log":51,"minecraft:wheat":451,"minecraft:warped_fungus":1,"minecraft:purpur_block":7,"minecraft:smooth_stone_slab":14,"minecraft:grass":91,"minecraft:oak_log":624,"minecraft:beetroots":128,"minecraft:oak_fence_gate":2,"minecraft:loom":1,"minecraft:sand":102,"minecraft:dirt":1702,"minecraft:crimson_planks":11,"minecraft:stonecutter":2,"minecraft:netherrack":184,"minecraft:oak_leaves":117,"minecraft:deepslate":887,"minecraft:attached_pumpkin_stem":1,"minecraft:nether_gold_ore":33,"minecraft:tuff":135,"minecraft:quartz_stairs":1,"minecraft:mossy_cobblestone":21,"minecraft:deepslate_diamond_ore":10,"minecraft:oak_door":3,"minecraft:end_stone":502,"minecraft:glow_lichen":1,"minecraft:lever":1,"minecraft:nether_bricks":2,"minecraft:spruce_fence":15,"minecraft:crimson_roots":1,"minecraft:spruce_leaves":27,"minecraft:kelp":1,"minecraft:crimson_stem":20,"minecraft:deepslate_brick_slab":1,"minecraft:carrots":83,"minecraft:andesite":10,"minecraft:cobblestone_slab":1,"minecraft:potatoes":108,"minecraft:shroomlight":5,"minecraft:deepslate_iron_ore":77,"minecraft:warped_stem":77,"minecraft:lantern":2,"minecraft:chorus_plant":4,"minecraft:stone":2844,"minecraft:bone_block":45,"minecraft:oak_slab":150,"minecraft:glass_pane":58,"minecraft:soul_sand":17,"minecraft:basalt":13,"minecraft:dandelion":23,"minecraft:oak_fence":145,"minecraft:crafting_table":28,"minecraft:cornflower":8,"minecraft:warped_roots":2,"minecraft:crimson_slab":18,"minecraft:sculk_sensor":22,"minecraft:copper_ore":23,"minecraft:campfire":1,"minecraft:stone_slab":2,"minecraft:tall_grass":14,"minecraft:lapis_ore":13,"minecraft:deepslate_gold_ore":39,"minecraft:crimson_pressure_plate":10,"minecraft:sculk":109,"minecraft:diorite":58,"minecraft:warped_wart_block":6,"minecraft:purple_bed":2,"minecraft:sweet_berry_bush":5,"minecraft:white_carpet":9,"minecraft:spruce_log":136,"minecraft:birch_leaves":3,"minecraft:coal_ore":553,"minecraft:end_rod":7,"minecraft:gravel":127,"minecraft:dripstone_block":7,"minecraft:cobweb":24,"minecraft:stone_bricks":1,"minecraft:gold_ore":7,"minecraft:crimson_fence":16,"minecraft:fern":1},"minecraft:killed":{"minecraft:cave_spider":2,"minecraft:spider":7,"minecraft:shulker":10,"minecraft:skeleton":129,"minecraft:chicken":36,"minecraft:piglin_brute":2,"minecraft:magma_cube":7,"minecraft:piglin":4,"minecraft:pig":2,"minecraft:zombie_villager":1,"minecraft:ender_dragon":1,"minecraft:strider":1,"minecraft:creeper":3,"minecraft:sheep":19,"minecraft:pillager":1,"minecraft:zombie":38,"minecraft:blaze":4,"minecraft:cow":15,"minecraft:endermite":1,"minecraft:warden":1,"minecraft:rabbit":2,"minecraft:wandering_trader":1,"minecraft:hoglin":1,"minecraft:wither_skeleton":3,"minecraft:enderman":2}},"DataVersion":3465}