{"stats":{"minecraft:picked_up":{"minecraft:iron_chestplate":11,"minecraft:wheat":357,"minecraft:stone_slab":2,"minecraft:lead":3,"minecraft:oak_stairs":13,"minecraft:potion":2,"minecraft:gilded_blackstone":3,"minecraft:crimson_planks":11,"minecraft:brewing_stand":2,"minecraft:golden_sword":2,"minecraft:amethyst_block":21,"minecraft:string":23,"minecraft:soul_soil":5,"minecraft:raw_copper":118,"minecraft:smooth_stone_slab":15,"minecraft:iron_leggings":11,"minecraft:pufferfish":7,"minecraft:shroomlight":5,"minecraft:beetroot":96,"minecraft:diamond_leggings":4,"minecraft:cobbled_deepslate":1088,"minecraft:gold_nugget":218,"minecraft:smooth_stone":371,"minecraft:crimson_fence":16,"minecraft:bucket":7,"minecraft:cobblestone_slab":1,"minecraft:iron_pickaxe":35,"minecraft:melon_slice":243,"minecraft:iron_boots":10,"minecraft:golden_helmet":3,"minecraft:stick":71,"minecraft:crimson_pressure_plate":16,"minecraft:oak_fence":147,"minecraft:torch":258,"minecraft:porkchop":2,"minecraft:pointed_dripstone":14,"minecraft:diorite":84,"minecraft:golden_chestplate":3,"minecraft:quartz_block":6,"minecraft:stone_sword":2,"minecraft:rotten_flesh":101,"minecraft:obsidian":2,"minecraft:cod":25,"minecraft:snowball":44,"minecraft:cobblestone":2318,"minecraft:birch_log":51,"minecraft:magma_block":2,"minecraft:feather":38,"minecraft:cooked_beef":17,"minecraft:magma_cream":1,"minecraft:water_bucket":2,"minecraft:andesite":7,"minecraft:brown_wool":1,"minecraft:potato":300,"minecraft:flint":18,"minecraft:tuff":125,"minecraft:lapis_lazuli":170,"minecraft:dirt":2110,"minecraft:lantern":3,"minecraft:name_tag":1,"minecraft:purple_carpet":16,"minecraft:leather_boots":1,"minecraft:bone":157,"minecraft:bow":11,"minecraft:stonecutter":3,"minecraft:wheat_seeds":1122,"minecraft:deepslate_brick_slab":5,"minecraft:raw_gold":54,"minecraft:cobbled_deepslate_slab":7,"minecraft:rabbit":5,"minecraft:glowstone_dust":70,"minecraft:oak_planks":779,"minecraft:cooked_porkchop":18,"minecraft:music_disc_13":3,"minecraft:warped_wart_block":5,"minecraft:poisonous_potato":1,"minecraft:sand":91,"minecraft:ink_sac":1,"minecraft:loom":1,"minecraft:mossy_cobblestone":22,"minecraft:diamond":10,"minecraft:cracked_polished_blackstone_bricks":15,"minecraft:granite":8,"minecraft:emerald":1,"minecraft:golden_horse_armor":1,"minecraft:bread":2,"minecraft:oak_sapling":45,"minecraft:netherrack":328,"minecraft:crimson_roots":3,"minecraft:diamond_pickaxe":5,"minecraft:fishing_rod":1,"minecraft:charcoal":2,"minecraft:crafting_table":27,"minecraft:azure_bluet":1,"minecraft:ladder":1,"minecraft:chicken":29,"minecraft:nether_wart":24,"minecraft:brown_mushroom":15,"minecraft:shield":12,"minecraft:cornflower":11,"minecraft:iron_axe":11,"minecraft:flint_and_steel":1,"minecraft:white_carpet":11,"minecraft:iron_shovel":4,"minecraft:blackstone":28,"minecraft:beef":19,"minecraft:poppy":4,"minecraft:light_gray_wool":19,"minecraft:lectern":1,"minecraft:quartz_stairs":1,"minecraft:sugar_cane":160,"minecraft:chest":1,"minecraft:birch_sapling":1,"minecraft:egg":356,"minecraft:raw_iron":169,"minecraft:stone":45,"minecraft:bowl":2,"minecraft:spruce_fence":27,"minecraft:fire_charge":2,"minecraft:polished_blackstone_bricks":19,"minecraft:carrot":227,"minecraft:redstone":297,"minecraft:arrow":199,"minecraft:stone_shovel":3,"minecraft:beetroot_seeds":272,"minecraft:golden_hoe":1,"minecraft:nether_bricks":4,"minecraft:diamond_boots":1,"minecraft:saddle":3,"minecraft:gold_ingot":9,"minecraft:mutton":33,"minecraft:bone_block":44,"minecraft:rail":9,"minecraft:white_wool":40,"minecraft:crimson_slab":21,"minecraft:basalt":14,"minecraft:glow_ink_sac":4,"minecraft:crimson_stem":79,"minecraft:salmon":16,"minecraft:leather":16,"minecraft:crimson_fungus":2,"minecraft:oak_log":517,"minecraft:lily_pad":1,"minecraft:golden_boots":2,"minecraft:nether_wart_block":4,"minecraft:gunpowder":5,"minecraft:wooden_hoe":2,"minecraft:paper":1,"minecraft:white_banner":1,"minecraft:cooked_mutton":5,"minecraft:apple":3,"minecraft:kelp":59,"minecraft:warped_stem":76,"minecraft:rabbit_hide":4,"minecraft:iron_ingot":34,"minecraft:oak_fence_gate":2,"minecraft:stone_pickaxe":10,"minecraft:cooked_chicken":55,"minecraft:glass_bottle":3,"minecraft:iron_sword":12,"minecraft:soul_sand":40,"minecraft:sculk_catalyst":2,"minecraft:oak_slab":139,"minecraft:warped_fungus":2,"minecraft:birch_boat":1,"minecraft:pumpkin":42,"minecraft:sweet_berries":13,"minecraft:chiseled_stone_bricks":255,"minecraft:quartz":144,"minecraft:dandelion":35,"minecraft:spyglass":3,"minecraft:raw_iron_block":4,"minecraft:dripstone_block":2,"minecraft:gravel":112,"minecraft:crimson_stairs":35,"minecraft:blast_furnace":1,"minecraft:white_bed":7,"minecraft:spruce_log":133,"minecraft:spider_eye":5,"minecraft:pumpkin_seeds":11,"minecraft:purple_bed":2,"minecraft:iron_helmet":7,"minecraft:gray_wool":2,"minecraft:warped_roots":2,"minecraft:baked_potato":52,"minecraft:melon_seeds":5,"minecraft:black_wool":2,"minecraft:coal":720},"minecraft:broken":{"minecraft:iron_shovel":6,"minecraft:stone_pickaxe":7,"minecraft:stone_axe":4,"minecraft:stone_shovel":4,"minecraft:golden_hoe":1,"minecraft:stone_hoe":2,"minecraft:iron_axe":4,"minecraft:iron_pickaxe":12,"minecraft:wooden_hoe":1},"minecraft:used":{"minecraft:iron_shovel":1711,"minecraft:ladder":6,"minecraft:bone_block":12,"minecraft:shield":45,"minecraft:chest":3,"minecraft:nether_wart":1,"minecraft:iron_sword":320,"minecraft:stone":35,"minecraft:quartz_stairs":5,"minecraft:rotten_flesh":3,"minecraft:soul_sand":1,"minecraft:carrot":91,"minecraft:deepslate_brick_slab":2,"minecraft:glass":106,"minecraft:lava_bucket":5,"minecraft:quartz_slab":4,"minecraft:quartz_block":14,"minecraft:item_frame":10,"minecraft:bow":165,"minecraft:oak_sapling":31,"minecraft:furnace":1,"minecraft:beetroot_seeds":98,"minecraft:egg":162,"minecraft:potato":95,"minecraft:oak_planks":1814,"minecraft:stone_pickaxe":954,"minecraft:blackstone":4,"minecraft:composter":1,"minecraft:sugar_cane":14,"minecraft:golden_hoe":32,"minecraft:sand":57,"minecraft:loom":2,"minecraft:blast_furnace":2,"minecraft:pumpkin_seeds":7,"minecraft:bread":5,"minecraft:lectern":2,"minecraft:gravel":7,"minecraft:grindstone":1,"minecraft:smithing_table":1,"minecraft:cooked_rabbit":4,"minecraft:andesite":1,"minecraft:smooth_stone_slab":15,"minecraft:oak_fence":295,"minecraft:stone_sword":116,"minecraft:crimson_fence":19,"minecraft:flint_and_steel":3,"minecraft:stone_shovel":526,"minecraft:stone_hoe":229,"minecraft:cooked_chicken":38,"minecraft:netherrack":164,"minecraft:spyglass":6,"minecraft:torch":270,"minecraft:brewing_stand":1,"minecraft:anvil":1,"minecraft:dirt":1121,"minecraft:warped_wart_block":2,"minecraft:white_carpet":20,"minecraft:salmon_bucket":2,"minecraft:spruce_fence":27,"minecraft:oak_fence_gate":7,"minecraft:shroomlight":3,"minecraft:iron_axe":1519,"minecraft:oak_stairs":25,"minecraft:crimson_slab":37,"minecraft:crimson_planks":54,"minecraft:barrel":1,"minecraft:melon_seeds":8,"minecraft:glowstone":8,"minecraft:basalt":11,"minecraft:cooked_beef":10,"minecraft:crimson_pressure_plate":19,"minecraft:cobbled_deepslate":262,"minecraft:pumpkin":3,"minecraft:wheat_seeds":441,"minecraft:cooked_mutton":16,"minecraft:water_bucket":179,"minecraft:amethyst_block":21,"minecraft:baked_potato":32,"minecraft:cartography_table":1,"minecraft:cauldron":1,"minecraft:stonecutter":2,"minecraft:cobblestone_slab":1,"minecraft:polished_blackstone_bricks":3,"minecraft:mossy_cobblestone":6,"minecraft:crafting_table":37,"minecraft:oak_slab":378,"minecraft:white_bed":14,"minecraft:campfire":3,"minecraft:spruce_log":1,"minecraft:cake":1,"minecraft:smoker":1,"minecraft:wooden_hoe":114,"minecraft:diamond_pickaxe":1466,"minecraft:apple":4,"minecraft:diamond_shovel":100,"minecraft:chicken":1,"minecraft:iron_pickaxe":3365,"minecraft:stone_slab":4,"minecraft:stone_axe":665,"minecraft:chiseled_stone_bricks":569,"minecraft:fishing_rod":75,"minecraft:purple_bed":2,"minecraft:cobblestone":632,"minecraft:potion":1,"minecraft:cobbled_deepslate_slab":6,"minecraft:crimson_stairs":46,"minecraft:cooked_porkchop":21,"minecraft:bucket":186,"minecraft:glass_pane":78,"minecraft:kelp":30,"minecraft:purple_carpet":16,"minecraft:smooth_stone":795},"minecraft:dropped":{"minecraft:iron_sword":3,"minecraft:brown_mushroom":15,"minecraft:birch_planks":23,"minecraft:cooked_beef":5,"minecraft:warped_fungus":2,"minecraft:baked_potato":12,"minecraft:glass_bottle":2,"minecraft:diamond":6,"minecraft:cooked_porkchop":3,"minecraft:fletching_table":1,"minecraft:music_disc_13":1,"minecraft:dirt":413,"minecraft:crimson_roots":3,"minecraft:snowball":4,"minecraft:pumpkin_pie":5,"minecraft:iron_pickaxe":9,"minecraft:gold_ingot":10,"minecraft:gravel":39,"minecraft:crimson_fungus":2,"minecraft:stone_axe":1,"minecraft:golden_chestplate":1,"minecraft:cobbled_deepslate":697,"minecraft:wheat":3,"minecraft:pointed_dripstone":8,"minecraft:cooked_mutton":9,"minecraft:basalt":87,"minecraft:quartz":1,"minecraft:egg":55,"minecraft:iron_ingot":3,"minecraft:enchanted_book":1,"minecraft:golden_boots":2,"minecraft:wheat_seeds":2,"minecraft:golden_helmet":1,"minecraft:dripstone_block":2,"minecraft:feather":3,"minecraft:cobblestone":442,"minecraft:book":1,"minecraft:golden_apple":1,"minecraft:coal":3,"minecraft:stick":33,"minecraft:diorite":18,"minecraft:ink_sac":1,"minecraft:torch":46,"minecraft:iron_axe":2,"minecraft:raw_iron_block":1,"minecraft:bucket":1,"minecraft:dandelion":4,"minecraft:soul_soil":1,"minecraft:nether_wart":26,"minecraft:smooth_stone_slab":2,"minecraft:tuff":87,"minecraft:stone_shovel":2,"minecraft:white_carpet":2,"minecraft:shield":1,"minecraft:diamond_pickaxe":4,"minecraft:cake":1,"minecraft:golden_sword":1,"minecraft:birch_boat":1,"minecraft:bow":1,"minecraft:stone_pickaxe":1},"minecraft:killed_by":{"minecraft:zombified_piglin":1,"minecraft:wither_skeleton":1,"minecraft:piglin_brute":5,"minecraft:creeper":2,"minecraft:player":1,"minecraft:warden":11,"minecraft:skeleton":2},"minecraft:crafted":{"minecraft:grindstone":1,"minecraft:smooth_stone":383,"minecraft:oak_planks":1776,"minecraft:cobblestone_slab":6,"minecraft:barrel":1,"minecraft:cooked_chicken":61,"minecraft:loom":1,"minecraft:stone":785,"minecraft:bookshelf":1,"minecraft:cooked_mutton":13,"minecraft:cake":3,"minecraft:quartz_block":23,"minecraft:glass":253,"minecraft:melon_seeds":2,"minecraft:chest":2,"minecraft:chiseled_stone_bricks":377,"minecraft:stone_hoe":1,"minecraft:oak_fence":129,"minecraft:cooked_rabbit":3,"minecraft:golden_boots":2,"minecraft:smoker":1,"minecraft:item_frame":10,"minecraft:quartz_stairs":4,"minecraft:oak_slab":294,"minecraft:emerald":1,"minecraft:cauldron":1,"minecraft:cooked_porkchop":48,"minecraft:crafting_table":19,"minecraft:spruce_planks":4,"minecraft:baked_potato":92,"minecraft:smithing_table":1,"minecraft:copper_ingot":39,"minecraft:fletching_table":1,"minecraft:crimson_pressure_plate":14,"minecraft:brewing_stand":1,"minecraft:birch_planks":128,"minecraft:pumpkin_seeds":4,"minecraft:campfire":3,"minecraft:cartography_table":1,"minecraft:lectern":1,"minecraft:book":4,"minecraft:wooden_hoe":3,"minecraft:paper":15,"minecraft:diamond_pickaxe":1,"minecraft:stick":408,"minecraft:stone_slab":30,"minecraft:iron_ingot":125,"minecraft:iron_pickaxe":15,"minecraft:iron_block":10,"minecraft:gold_ingot":60,"minecraft:composter":1,"minecraft:stone_shovel":4,"minecraft:fishing_rod":2,"minecraft:smooth_stone_slab":6,"minecraft:golden_chestplate":2,"minecraft:furnace":2,"minecraft:blast_furnace":1,"minecraft:bone_meal":3,"minecraft:white_carpet":15,"minecraft:glass_pane":96,"minecraft:iron_axe":6,"minecraft:ladder":6,"minecraft:stone_pickaxe":8,"minecraft:quartz_slab":6,"minecraft:golden_helmet":2,"minecraft:cooked_beef":12,"minecraft:sugar":23,"minecraft:crimson_planks":192,"minecraft:crimson_slab":24,"minecraft:iron_sword":2,"minecraft:bucket":4,"minecraft:stone_axe":5,"minecraft:glowstone":10,"minecraft:bread":3,"minecraft:crimson_stairs":28,"minecraft:oak_fence_gate":6,"minecraft:oak_stairs":12,"minecraft:crimson_fence":21,"minecraft:iron_shovel":6,"minecraft:anvil":1,"minecraft:stonecutter":1,"minecraft:white_bed":11,"minecraft:pumpkin_pie":10,"minecraft:torch":220},"minecraft:custom":{"minecraft:animals_bred":79,"minecraft:interact_with_crafting_table":151,"minecraft:open_barrel":12,"minecraft:eat_cake_slice":3,"minecraft:leave_game":33,"minecraft:time_since_death":86142,"minecraft:damage_blocked_by_shield":1680,"minecraft:sprint_one_cm":2793259,"minecraft:drop":150,"minecraft:talked_to_villager":5,"minecraft:play_time":1930652,"minecraft:deaths":24,"minecraft:jump":9218,"minecraft:interact_with_brewingstand":2,"minecraft:walk_on_water_one_cm":162237,"minecraft:interact_with_furnace":295,"minecraft:traded_with_villager":1,"minecraft:sleep_in_bed":36,"minecraft:damage_dealt":15219,"minecraft:crouch_one_cm":235026,"minecraft:interact_with_smoker":88,"minecraft:horse_one_cm":866,"minecraft:interact_with_anvil":2,"minecraft:mob_kills":219,"minecraft:inspect_hopper":1,"minecraft:climb_one_cm":56240,"minecraft:walk_one_cm":6117491,"minecraft:sneak_time":117108,"minecraft:walk_under_water_one_cm":70416,"minecraft:boat_one_cm":11765,"minecraft:interact_with_blast_furnace":55,"minecraft:total_world_time":1930652,"minecraft:tune_noteblock":3,"minecraft:interact_with_stonecutter":24,"minecraft:interact_with_grindstone":1,"minecraft:time_since_rest":42492,"minecraft:damage_taken":12634,"minecraft:swim_one_cm":54461,"minecraft:fly_one_cm":743113,"minecraft:open_chest":942,"minecraft:fish_caught":46,"minecraft:fall_one_cm":136425},"minecraft:mined":{"minecraft:attached_melon_stem":1,"minecraft:oak_sapling":2,"minecraft:white_bed":5,"minecraft:farmland":190,"minecraft:sculk_vein":31,"minecraft:brewing_stand":1,"minecraft:granite":8,"minecraft:grass_block":583,"minecraft:cracked_polished_blackstone_bricks":6,"minecraft:soul_soil":1,"minecraft:composter":1,"minecraft:crimson_fungus":1,"minecraft:nether_wart":21,"minecraft:chiseled_stone_bricks":240,"minecraft:gilded_blackstone":2,"minecraft:smooth_stone":372,"minecraft:polished_blackstone_bricks":11,"minecraft:raw_iron_block":2,"minecraft:magma_block":2,"minecraft:sculk_catalyst":4,"minecraft:glowstone":15,"minecraft:iron_ore":81,"minecraft:cobbled_deepslate":9,"minecraft:pumpkin":42,"minecraft:deepslate_lapis_ore":10,"minecraft:sculk_shrieker":2,"minecraft:pointed_dripstone":7,"minecraft:oak_stairs":13,"minecraft:purple_carpet":5,"minecraft:deepslate_redstone_ore":50,"minecraft:brown_mushroom":15,"minecraft:quartz_block":6,"minecraft:blackstone":4,"minecraft:melon_stem":3,"minecraft:kelp_plant":1,"minecraft:crimson_nylium":2,"minecraft:soul_fire":2,"minecraft:torch":41,"minecraft:blast_furnace":1,"minecraft:poppy":2,"minecraft:melon":45,"minecraft:chest":1,"minecraft:glass":44,"minecraft:cobblestone":233,"minecraft:nether_quartz_ore":143,"minecraft:oak_planks":773,"minecraft:sugar_cane":90,"minecraft:crimson_stairs":35,"minecraft:wall_torch":40,"minecraft:amethyst_block":21,"minecraft:warped_nylium":8,"minecraft:nether_wart_block":2,"minecraft:birch_log":51,"minecraft:wheat":451,"minecraft:warped_fungus":1,"minecraft:smooth_stone_slab":14,"minecraft:grass":61,"minecraft:oak_log":429,"minecraft:beetroots":98,"minecraft:oak_fence_gate":2,"minecraft:loom":1,"minecraft:sand":102,"minecraft:dirt":1496,"minecraft:crimson_planks":11,"minecraft:stonecutter":2,"minecraft:netherrack":184,"minecraft:attached_pumpkin_stem":1,"minecraft:oak_leaves":79,"minecraft:deepslate":887,"minecraft:nether_gold_ore":33,"minecraft:tuff":135,"minecraft:quartz_stairs":1,"minecraft:mossy_cobblestone":21,"minecraft:deepslate_diamond_ore":10,"minecraft:glow_lichen":1,"minecraft:nether_bricks":2,"minecraft:spruce_fence":15,"minecraft:crimson_roots":1,"minecraft:spruce_leaves":27,"minecraft:kelp":1,"minecraft:crimson_stem":20,"minecraft:deepslate_brick_slab":1,"minecraft:carrots":82,"minecraft:andesite":2,"minecraft:potatoes":108,"minecraft:shroomlight":5,"minecraft:deepslate_iron_ore":75,"minecraft:cobblestone_slab":1,"minecraft:warped_stem":77,"minecraft:lantern":2,"minecraft:stone":2109,"minecraft:bone_block":45,"minecraft:oak_slab":124,"minecraft:glass_pane":58,"minecraft:soul_sand":17,"minecraft:basalt":13,"minecraft:dandelion":23,"minecraft:oak_fence":145,"minecraft:crafting_table":26,"minecraft:cornflower":8,"minecraft:warped_roots":2,"minecraft:crimson_slab":18,"minecraft:sculk_sensor":22,"minecraft:copper_ore":23,"minecraft:campfire":1,"minecraft:stone_slab":2,"minecraft:tall_grass":7,"minecraft:lapis_ore":13,"minecraft:deepslate_gold_ore":39,"minecraft:crimson_pressure_plate":10,"minecraft:sculk":109,"minecraft:diorite":58,"minecraft:warped_wart_block":6,"minecraft:purple_bed":2,"minecraft:sweet_berry_bush":5,"minecraft:white_carpet":9,"minecraft:spruce_log":136,"minecraft:birch_leaves":3,"minecraft:coal_ore":524,"minecraft:gravel":127,"minecraft:dripstone_block":7,"minecraft:cobweb":8,"minecraft:gold_ore":7,"minecraft:crimson_fence":16,"minecraft:fern":1},"minecraft:killed":{"minecraft:cave_spider":2,"minecraft:spider":5,"minecraft:skeleton":55,"minecraft:chicken":36,"minecraft:piglin_brute":2,"minecraft:magma_cube":7,"minecraft:piglin":4,"minecraft:pig":1,"minecraft:zombie_villager":1,"minecraft:strider":1,"minecraft:creeper":3,"minecraft:sheep":19,"minecraft:zombie":27,"minecraft:blaze":4,"minecraft:cow":9,"minecraft:warden":1,"minecraft:rabbit":2,"minecraft:wandering_trader":1,"minecraft:hoglin":1,"minecraft:wither_skeleton":3}},"DataVersion":3465}